,uid,price,suv_prob,vert_prob,sedan_prob,coupe_prob,hatchback_prob,window_damage_prob,door_damage_prob,bumper_damage_prob,hood_damage_prob,excellent_cond_prob,average_cond_prob,year,make,model_name,trim,mileage,title_status,transmission,engine_cylinders,displacement
0,7865789467,1800.0,0.475830078125,0.51171875,0.736328125,0.0745849609375,0.422119140625,0.457275390625,0.2408447265625,0.1373291015625,0.33203125,0.66943359375,0.200439453125,2003,Honda,Accord EX,EX,,,Automatic,,
1,7865784701,2800.0,0.1865234375,0.1136474609375,0.7412109375,0.034515380859375,0.2509765625,0.1204833984375,0.1571044921875,0.0504150390625,0.50927734375,0.583984375,0.1282958984375,2003,Honda,Accord,,,,,,
2,7865780123,1999.0,0.412353515625,0.242431640625,0.7177734375,0.027008056640625,0.60595703125,0.32080078125,0.5205078125,0.157470703125,0.259765625,0.703125,0.39208984375,2000,Accord,Lx,,159000,,Needs repair/replace (current one is going out),,
3,7865763347,6995.0,0.1375732421875,0.11444091796875,0.71337890625,0.083740234375,0.31494140625,0.41845703125,0.186279296875,0.1116943359375,0.74658203125,0.289794921875,0.1885986328125,2010,Honda,Accord LX Sedan 4-DOORS,LX,105000,clean,Automatic,4,2.4
4,7865716774,22000.0,0.6220703125,0.34765625,0.853515625,0.1561279296875,0.51611328125,0.452392578125,0.161376953125,0.466064453125,0.60595703125,0.6357421875,0.57080078125,18,Accord,Sport,,81100,clean,,,
5,7865681197,2800.0,0.467529296875,0.1966552734375,0.84912109375,0.05438232421875,0.342041015625,0.47509765625,0.377197265625,0.0347900390625,0.1123046875,0.634765625,0.63916015625,,,,,219000,,,,
6,7865539056,7500.0,0.401123046875,0.49072265625,0.78759765625,0.096923828125,0.407958984375,0.3486328125,0.2890625,0.08331298828125,0.533203125,0.73095703125,0.80859375,2012,Honda,Accord EX-L V6 Sedan,EX-L V6 Sedan,157000,Clean and in hand,Automatic,,3.5
7,7865479488,6000.0,0.6005859375,0.373046875,0.8544921875,0.1378173828125,0.42919921875,0.79248046875,0.06549072265625,0.25390625,0.103515625,0.76904296875,0.67236328125,2007,Honda,Accord EX,,193000,clean,Manual,,
8,7865461018,17500.0,0.42138671875,0.1317138671875,0.76025390625,0.29296875,0.68115234375,0.30859375,0.09527587890625,0.433837890625,0.3720703125,0.62890625,0.6591796875,2016,Honda,Accord,LX,37000,clean,Manual,4,
9,7865411025,1999.0,0.62109375,0.62841796875,0.884765625,0.27392578125,0.36669921875,0.260986328125,0.179931640625,0.2005615234375,0.51220703125,0.60595703125,0.68310546875,2005,HONDA,ACCORD 2DR COUPE EX,EX,306000,clean,Automatic,,
10,7865332863,5000.0,0.41455078125,0.1307373046875,0.833984375,0.0506591796875,0.270751953125,0.1640625,0.135986328125,0.058502197265625,0.1947021484375,0.64599609375,0.333984375,2026,,,,0,clean,Automatic,4,
11,7865322441,6300.0,0.572265625,0.33544921875,0.9423828125,0.08416748046875,0.445068359375,0.224609375,0.5224609375,0.77685546875,0.352783203125,0.7724609375,0.34619140625,2005,honda,accord v6,,145000,clean,automatic,6,
12,7865313606,4800.0,0.35546875,0.3076171875,0.89990234375,0.2322998046875,0.397705078125,0.484130859375,0.1741943359375,0.0362548828125,0.1656494140625,0.68798828125,0.263916015625,2006,honda,accord,,116000,clean,manual,6,
13,7865303819,7800.0,0.8837890625,0.25341796875,0.84033203125,0.0848388671875,0.5986328125,0.271728515625,0.2890625,0.056060791015625,0.1466064453125,0.77001953125,0.74462890625,Unknown,,,,108000,Clean Title,Automatic,6,3.0
14,7865283161,1.0,0.59423828125,0.2447509765625,0.7578125,0.4052734375,0.51025390625,0.311279296875,0.277587890625,0.1370849609375,0.438720703125,0.5576171875,0.78076171875,2018,honda,accord sport,,,clean,Automatic,4,2.0
15,7865183236,3500.0,0.45556640625,0.35595703125,0.7744140625,0.058807373046875,0.218017578125,0.398681640625,0.16357421875,0.02606201171875,0.1971435546875,0.50048828125,0.6748046875,2021,Honda,Accord DX,,,clean,,,
16,7865163005,3500.0,0.7666015625,0.277587890625,0.91552734375,0.216064453125,0.290283203125,0.69482421875,0.179931640625,0.2247314453125,0.234375,0.69384765625,0.5390625,1999,Honda,Accord EX,EX,200650,clean,,,
17,7865145125,2200.0,0.495849609375,0.453369140625,0.478271484375,0.1617431640625,0.339111328125,0.29345703125,0.3369140625,0.034515380859375,0.1405029296875,0.49658203125,0.369140625,2007,HONDA,ACCORD EX COUPE,,212000,Salvage,Automatic,,
18,7865055237,2300.0,0.322998046875,0.056182861328125,0.93701171875,0.057769775390625,0.3837890625,0.275390625,0.1888427734375,0.08013916015625,0.149658203125,0.65771484375,0.279541015625,6,,,,,Clean Title,Automatic,6,
19,7864970577,5500.0,0.43017578125,0.408203125,0.89794921875,0.10479736328125,0.47265625,0.173583984375,0.39599609375,0.0355224609375,0.2142333984375,0.6513671875,0.32666015625,2008,Honda,Accord,,,Clean,Automatic,,2.4
20,7864941244,9800.0,0.6337890625,0.495361328125,0.78857421875,0.18798828125,0.611328125,0.48046875,0.432861328125,0.02862548828125,0.1795654296875,0.6806640625,0.82470703125,2014,Honda,Accord,EX-L,,clean,automatic,4,
21,7864935601,6500.0,0.330078125,0.153564453125,0.92626953125,0.071533203125,0.345947265625,0.1793212890625,0.187255859375,0.237548828125,0.429931640625,0.689453125,0.274169921875,2005,Honda,Accord EXL,,144000,Clean,Automatic,6,
22,7864831105,2500.0,0.254638671875,0.2032470703125,0.69287109375,0.04034423828125,0.322265625,0.402099609375,0.19287109375,0.07843017578125,0.57958984375,0.497314453125,0.50146484375,,,,,158000,,Manual,,
23,7864814413,15500.0,0.58203125,0.257080078125,0.90673828125,0.0772705078125,0.49462890625,0.480712890625,0.25732421875,0.198486328125,0.374267578125,0.5546875,0.6904296875,Not available,Honda,Not available,Not available,55000,Clean/ Certified Pre-Owned,Automatic,Not available,Not available
24,7864793285,9500.0,0.50927734375,0.1397705078125,0.8779296875,0.043304443359375,0.6513671875,0.423583984375,0.2734375,0.052001953125,0.1593017578125,0.6484375,0.6611328125,not available,Honda,not available,,104000,clean,,,
25,7864790922,14500.0,0.8564453125,0.1796875,0.728515625,0.0726318359375,0.5966796875,0.4013671875,0.2001953125,0.30859375,0.3115234375,0.775390625,0.5673828125,2014,Honda,Accord,,85600,Clean,,,
26,7864790315,5800.0,0.456298828125,0.441162109375,0.6884765625,0.10479736328125,0.28857421875,0.736328125,0.1077880859375,0.0198211669921875,0.3681640625,0.71630859375,0.2474365234375,Not Available,Honda,Not Available,Not Available,98000,clean,Not Available,Not Available,Not Available
27,7864688910,2200.0,0.343017578125,0.1571044921875,0.9765625,0.08404541015625,0.345947265625,0.36181640625,0.459716796875,0.06280517578125,0.348388671875,0.51220703125,0.74951171875,1999,Honda,Accord,,,clean,,,
28,7864408678,9250.0,0.425537109375,0.262451171875,0.6875,0.173828125,0.281005859375,0.4970703125,0.2108154296875,0.073974609375,0.34033203125,0.5966796875,0.275634765625,2011,Honda,Accord EX,EX,,clean,,,
29,7864316028,11000.0,0.5029296875,0.439697265625,0.79345703125,0.1495361328125,0.468017578125,0.198486328125,0.2244873046875,0.1390380859375,0.35546875,0.74951171875,0.69970703125,2014,Honda,Accord Sport,,139100,Clean Title,Automatic CVT,2.4,
30,7864300374,9900.0,0.364013671875,0.23095703125,0.896484375,0.10772705078125,0.324462890625,0.245361328125,0.157470703125,0.335693359375,0.490966796875,0.6923828125,0.3974609375,2004,Honda,Accord,LX,53000,clean,automatic,4,
31,7864277565,6500.0,0.3896484375,0.174072265625,0.59375,0.070068359375,0.76513671875,0.1776123046875,0.307373046875,0.339111328125,0.76806640625,0.669921875,0.79833984375,2015,Honda,Accord 2D Coupe,,,clean,,,
32,7864220098,2500.0,0.72021484375,0.1787109375,0.9130859375,0.1241455078125,0.75927734375,0.62548828125,0.1953125,0.10784912109375,0.45166015625,0.73046875,0.7509765625,526,,,,,clean,Automatic,4,2.4
33,7864175372,3500.0,0.4326171875,0.415771484375,0.6591796875,0.10723876953125,0.31005859375,0.298583984375,0.78857421875,0.06268310546875,0.0928955078125,0.66015625,0.47900390625,many,Honda,Accord,,,Clean,,,
34,7864168260,11500.0,0.23291015625,0.167724609375,0.78564453125,0.1484375,0.23291015625,0.310791015625,0.168701171875,0.021392822265625,0.1820068359375,0.6767578125,0.72216796875,2012,Honda,Accord,,114000,Clean,Automatic,4,
35,7864156672,4400.0,0.451416015625,0.36962890625,0.84423828125,0.1680908203125,0.429931640625,0.390380859375,0.1944580078125,0.0284271240234375,0.70068359375,0.72314453125,0.7890625,2008,Honda,Accord LX,LX,200000,clean,,,
36,7864151270,2500.0,0.2283935546875,0.890625,0.853515625,0.2371826171875,0.4658203125,0.1376953125,0.0980224609375,0.035369873046875,0.116943359375,0.85302734375,0.30859375,1989,Honda,Hatchback (last year model),,,clean,Automatic,,
37,7864117068,6499.0,0.329833984375,0.1939697265625,0.62744140625,0.04010009765625,0.63671875,0.26904296875,0.36767578125,0.06982421875,0.2939453125,0.591796875,0.2222900390625,2008,Honda,Accord LX,,141000,,Automatic,4,2.4
38,7864056331,16500.0,0.74755859375,0.1968994140625,0.83349609375,0.1019287109375,0.26904296875,0.1923828125,0.140380859375,0.059600830078125,0.2578125,0.57275390625,0.76611328125,2018,Honda,Accord sports,,53000,branded/salvage,,,
39,7864055499,4500.0,0.87744140625,0.487548828125,0.84912109375,0.39306640625,0.5126953125,0.290771484375,0.176513671875,0.74462890625,0.400390625,0.7890625,0.53369140625,2008,,,,,clean,,,
40,7864012723,4800.0,0.46875,0.38818359375,0.85888671875,0.20458984375,0.40380859375,0.35546875,0.390625,0.275146484375,0.6171875,0.497314453125,0.348388671875,2011,Honda,Accord EXL,EXL,210000,Clean Title,Automatic,6,
41,7863766713,18500.0,0.3505859375,0.234619140625,0.595703125,0.21875,0.457763671875,0.307373046875,0.451171875,0.420654296875,0.54052734375,0.7265625,0.83544921875,2019,Accord,Sport,Sport,120000,clean,,,
42,7863749962,4800.0,0.51806640625,0.59423828125,0.89990234375,0.13720703125,0.5625,0.5693359375,0.62158203125,0.07855224609375,0.29736328125,0.6943359375,0.72705078125,,Honda,Accord,,25,,Automatic,6,
43,7863619043,7999.0,0.3125,0.274169921875,0.90283203125,0.126220703125,0.53369140625,0.364990234375,0.27783203125,0.0821533203125,0.3681640625,0.7451171875,0.262451171875,2010,Honda,Accord EX-L,EX-L,100000,clean,,4,
44,7863488619,9900.0,0.748046875,0.5,0.95703125,0.19140625,0.55126953125,0.6181640625,0.161376953125,0.07501220703125,0.1890869140625,0.86279296875,0.6875,Unknown,Honda,Accord,Fully Equipped Model,141000,Clean,Automatic,6,
45,7863480060,20950.0,0.54638671875,0.22607421875,0.8125,0.07220458984375,0.5771484375,0.255615234375,0.44189453125,0.05816650390625,0.1485595703125,0.58935546875,0.30615234375,2019,Honda,Accord EXL 1.5,,62000,clean,,,
46,7863440334,11500.0,0.61474609375,0.324462890625,0.89599609375,0.119384765625,0.64599609375,0.36328125,0.42529296875,0.187744140625,0.5810546875,0.6142578125,0.7607421875,2014,Honda,Accord EX,EX,135000,clean,Automatic,4,
47,7863411513,11998.0,0.509765625,0.384521484375,0.5703125,0.1591796875,0.81494140625,0.363525390625,0.5703125,0.0419921875,0.262451171875,0.426025390625,0.56298828125,2018,Honda,Accord Sport,,0,Clean Title,,4,
48,7863334516,1.0,0.5947265625,0.2685546875,0.7607421875,0.319091796875,0.517578125,0.311279296875,0.275634765625,0.135986328125,0.434326171875,0.556640625,0.78271484375,2018,Honda,Accord Sport,Sport 2.0T Turbo,,,,,
49,7863236126,4150.0,0.419921875,0.2152099609375,0.88916015625,0.06646728515625,0.3310546875,0.1710205078125,0.11566162109375,0.18896484375,0.33642578125,0.80029296875,0.6669921875,2005,Honda,Accord Ex,Ex,122700,clean,Automatic,4,
50,7863221540,4900.0,0.329833984375,0.2225341796875,0.88916015625,0.1263427734375,0.448486328125,0.469970703125,0.263671875,0.057891845703125,0.328857421875,0.62646484375,0.58642578125,2007,HONDA,ACCORD,,158000,,,4,
51,7863184528,5250.0,0.07745361328125,0.08245849609375,0.7119140625,0.1898193359375,0.35205078125,0.11761474609375,0.179931640625,0.127685546875,0.60888671875,0.375,0.248291015625,,,,,282000,clean,,,
52,7863108081,4000.0,0.487548828125,0.3369140625,0.7900390625,0.1949462890625,0.66259765625,0.476318359375,0.2432861328125,0.1373291015625,0.363037109375,0.69091796875,0.2880859375,2006,Honda,Accord Ex,Ex,148000,Clean,,,
53,7863075066,1500.0,0.216552734375,0.0506591796875,0.759765625,0.0809326171875,0.1300048828125,0.07061767578125,0.0966796875,0.12225341796875,0.086669921875,0.7021484375,0.2469482421875,,,,,,Branded/ Salvage,,,
54,7862774175,4150.0,0.2548828125,0.12298583984375,0.93505859375,0.047088623046875,0.326904296875,0.2469482421875,0.224853515625,0.0278167724609375,0.263916015625,0.6376953125,0.325927734375,2001,Honda,Accord,SE,,Clean,Manual,4,2.3
55,7862716877,5800.0,0.45263671875,0.282958984375,0.66015625,0.0372314453125,0.382080078125,0.283447265625,0.142578125,0.0673828125,0.43798828125,0.556640625,0.417236328125,2010,Honda,Accord,,150,clean,4 cycling,,
56,7862716839,19800.0,0.47265625,0.358154296875,0.41943359375,0.1446533203125,0.61669921875,0.316162109375,0.1109619140625,0.0797119140625,0.6611328125,0.650390625,0.2442626953125,2019,Honda,Accord Sport 2.0T,Sport 2.0T,106000,clean,Manual,4,2.0
57,7862683911,10500.0,0.369384765625,0.2025146484375,0.7080078125,0.12310791015625,0.7666015625,0.179931640625,0.142333984375,0.1907958984375,0.405029296875,0.541015625,0.43017578125,2018,Honda,Accord Sport,,,branded/salvage,,,
58,7862636584,4250.0,0.37841796875,0.56982421875,0.87060546875,0.1953125,0.30126953125,0.7509765625,0.333984375,0.2049560546875,0.2396240234375,0.68359375,0.7490234375,2003,Honda,Accord,,144000,clean,,,
59,7862500535,10500.0,0.7890625,0.50244140625,0.7646484375,0.092041015625,0.54150390625,0.091552734375,0.11883544921875,0.21533203125,0.353515625,0.63232421875,0.84228515625,not available,Honda,Accord,not available,,clean,Manual,4,
60,7862482929,1500.0,0.298828125,0.1868896484375,0.8115234375,0.285400390625,0.19580078125,0.0489501953125,0.117431640625,0.055267333984375,0.07794189453125,0.76708984375,0.5537109375,1998,,,,98000,Clean Title,Automatic,,
61,7862358120,6999.0,0.369384765625,0.146240234375,0.82763671875,0.042755126953125,0.51611328125,0.350830078125,0.342529296875,0.3798828125,0.28662109375,0.456787109375,0.5224609375,2011,Honda,Accord,,,clean,,,
62,7862343738,6900.0,0.310546875,0.183837890625,0.63232421875,0.052398681640625,0.5810546875,0.399169921875,0.227294921875,0.451171875,0.452880859375,0.363525390625,0.80126953125,2025,,,,149000,clean,,,
63,7862197714,1.0,0.19677734375,0.183837890625,0.279052734375,0.331787109375,0.1693115234375,0.0100860595703125,0.022735595703125,0.0276031494140625,0.03375244140625,0.470947265625,0.7890625,"['99-02', '03-05', '96-99', '00-05', '99-01', '02-07']","['Accord', 'Civic', 'Odyssey']","['Accord', 'Civic', 'Odyssey']","['4spd', '5spd', '4spd', '4spd', '4spd', '5spd']",[],[],"['Automatic', 'Manual', 'Automatic', 'Manual', 'Automatic', 'Manual']","[6, 4, 6, 4]",[]
64,7862099774,6000.0,0.334228515625,0.1815185546875,0.76806640625,0.0833740234375,0.61865234375,0.3603515625,0.1907958984375,0.26416015625,0.470703125,0.70849609375,0.25341796875,2010,Honda,Accord EXL v6,,,clean and title,,6,
65,7862069898,6750.0,0.66064453125,0.48388671875,0.52587890625,0.057708740234375,0.242919921875,0.1702880859375,0.050018310546875,0.09490966796875,0.298828125,0.69384765625,0.480224609375,2012,Honda,Accord,EX,184000,clean,,,
66,7861897495,2500.0,0.66845703125,0.6533203125,0.7939453125,0.1456298828125,0.270263671875,0.43115234375,0.2047119140625,0.09942626953125,0.61083984375,0.5263671875,0.28173828125,2007,VW,Jetta,,,clean,,,
67,7861609841,10000.0,0.6708984375,0.373779296875,0.78857421875,0.1375732421875,0.1365966796875,0.10992431640625,0.054901123046875,0.11004638671875,0.303955078125,0.70068359375,0.31591796875,2012,Honda,Accord SE,SE,116000,clean,,,
68,7861600429,3750.0,0.11297607421875,0.246826171875,0.927734375,0.0308837890625,0.279541015625,0.2396240234375,0.388916015625,0.04541015625,0.269775390625,0.57177734375,0.271728515625,2006,Honda,Accord Hybrid,,182500,Clean,,6,
69,7861546396,2800.0,0.6474609375,0.2666015625,0.8427734375,0.2066650390625,0.69775390625,0.431640625,0.5283203125,0.60302734375,0.47314453125,0.779296875,0.72119140625,2004,Honda,Accord,,180000,clean,Manual,,
70,7861481493,6500.0,0.45263671875,0.282958984375,0.66015625,0.0372314453125,0.382080078125,0.283447265625,0.142578125,0.0673828125,0.43798828125,0.556640625,0.417236328125,2010,Honda,Accord,,150,clean,4 cycling,,
71,7861400576,2200.0,0.396484375,0.335693359375,0.6494140625,0.08355712890625,0.2548828125,0.2044677734375,0.09735107421875,0.10711669921875,0.309326171875,0.6298828125,0.2451171875,2004,Honda,Accord,,,,Automatic,4,
72,7861100558,24995.0,0.63671875,0.03765869140625,0.6337890625,0.129150390625,0.3564453125,0.2666015625,0.12017822265625,0.1885986328125,0.447265625,0.352294921875,0.79150390625,2018,Honda,Accord Touring Sedan,Touring,49000,,CVT,4,
73,7860968722,19500.0,0.476318359375,0.1612548828125,0.8564453125,0.057861328125,0.6181640625,0.216552734375,0.55810546875,0.3525390625,0.389892578125,0.434814453125,0.412109375,2014,Honda,Accord V6 EXL,,51000,clean,,6,
74,7860885983,12000.0,0.64697265625,0.364501953125,0.6806640625,0.353759765625,0.50390625,0.48681640625,0.32421875,0.40234375,0.5546875,0.7255859375,0.89404296875,2017,Honda,Accord Hybrid Touring,Touring,122300,branded/salvage,Automatic,4,2.0
75,7860826875,6500.0,0.65380859375,0.157958984375,0.8828125,0.11651611328125,0.54296875,0.21435546875,0.2391357421875,0.0823974609375,0.201904296875,0.74072265625,0.58251953125,2009,Honda,Accord,,181000,Branded/ Salvage,,,
76,7860826195,4000.0,0.34375,0.10479736328125,0.77294921875,0.13671875,0.5458984375,0.126953125,0.1507568359375,0.08831787109375,0.427001953125,0.55419921875,0.5810546875,,,,,,branded,Manual,6,
77,7860755432,4200.0,0.2548828125,0.12298583984375,0.93505859375,0.047088623046875,0.326904296875,0.2469482421875,0.224853515625,0.0278167724609375,0.263916015625,0.6376953125,0.325927734375,2001,Honda,Accord SE,SE,,clean,Manual,2,2.3
78,7860541623,4000.0,0.67626953125,0.167724609375,0.77490234375,0.1279296875,0.379638671875,0.38134765625,0.331298828125,0.238525390625,0.48193359375,0.7197265625,0.7109375,2005,Honda,Accord,,168000,,Automatic,4,
79,7860303943,6000.0,0.7412109375,0.33544921875,0.79638671875,0.1275634765625,0.5458984375,0.41796875,0.435791015625,0.54833984375,0.3955078125,0.61328125,0.75439453125,2007,Honda,Accord,,141000,clean,Automatic,4,
80,7860247121,6000.0,0.85595703125,0.433349609375,0.81787109375,0.2142333984375,0.331298828125,0.55615234375,0.352294921875,0.59326171875,0.5068359375,0.6591796875,0.70361328125,2012,Honda,Accord,,,Clean title,5-Speed Automatic with Overdrive,4,2.4
81,7860213792,2150.0,0.485595703125,0.1915283203125,0.736328125,0.1177978515625,0.6162109375,0.1806640625,0.1407470703125,0.0738525390625,0.369873046875,0.71435546875,0.2196044921875,2006,Honda,Accord,,240000,,Automatic,,
82,7860149395,2995.0,0.380615234375,0.28857421875,0.71240234375,0.3974609375,0.1611328125,0.04779052734375,0.043487548828125,0.08489990234375,0.440673828125,0.74755859375,0.1495361328125,2003,Honda,Accord,EX-L Coupe 2D,147823,,Automatic,6,3.0
83,7865658238,1875.0,0.140380859375,0.0870361328125,0.7685546875,0.03228759765625,0.342041015625,0.189453125,0.198486328125,0.318115234375,0.2264404296875,0.7861328125,0.2471923828125,2002,Honda,Accord EX,,203000,clean,Automatic,4,
84,7860090560,4500.0,0.3125,0.363525390625,0.8173828125,0.03717041015625,0.352783203125,0.59423828125,0.37939453125,0.05316162109375,0.322021484375,0.489013671875,0.2432861328125,,Honda,Accord lx,,300000,clean,,,
85,7860056269,7600.0,0.039886474609375,0.10943603515625,0.9521484375,0.061370849609375,0.68505859375,0.16357421875,0.02886962890625,0.025146484375,0.402099609375,0.7080078125,0.21337890625,2008,Honda,Accord,EX-L,97000,clean,,4,2.4
86,7860056070,4750.0,0.283203125,0.307861328125,0.8525390625,0.10552978515625,0.8623046875,0.446533203125,0.347412109375,0.34521484375,0.72216796875,0.65869140625,0.56103515625,2009,Honda,Accord EX-L,EX-L,153940,clean,Automatic,,
87,7865085013,13500.0,0.509765625,0.35498046875,0.853515625,0.2379150390625,0.489013671875,0.50927734375,0.42431640625,0.03997802734375,0.26171875,0.69189453125,0.78759765625,2011,Honda,Accord,,34141,clean,automatic,4,
88,7864921695,1.0,0.72509765625,0.529296875,0.54931640625,0.401611328125,0.45849609375,0.35888671875,0.2177734375,0.7109375,0.438232421875,0.52001953125,0.57275390625,2018,Honda,CRV Touring,Touring,131717,,Automatic,,
89,7859763699,3900.0,0.0159912109375,0.094970703125,0.8203125,0.0196990966796875,0.1456298828125,0.116455078125,0.1220703125,0.03546142578125,0.387451171875,0.490234375,0.1890869140625,1999,Honda,Accord LX,LX,,clean,Automatic,4,
90,7859753686,9950.0,0.300537109375,0.10137939453125,0.82177734375,0.064208984375,0.2841796875,0.450439453125,0.184814453125,0.277587890625,0.22021484375,0.67431640625,0.329833984375,2015,HONDA,ACCORD,LX SEDAN 4D,76400,,AUTOMATIC,4,2.4
91,7859533741,7500.0,0.363037109375,0.0732421875,0.81982421875,0.03033447265625,0.297607421875,0.377197265625,0.154296875,0.05169677734375,0.1011962890625,0.626953125,0.77783203125,2015,Honda,Accord,LX,153400,clean,,,
92,7859477451,3000.0,0.7666015625,0.332275390625,0.9697265625,0.111083984375,0.6435546875,0.83935546875,0.471435546875,0.2469482421875,0.42724609375,0.67529296875,0.6533203125,2000,Honda,Accord EX,EX,186402,clean,,,
93,7859045272,3600.0,0.6630859375,0.68017578125,0.9580078125,0.06744384765625,0.27099609375,0.56396484375,0.316162109375,0.1710205078125,0.7421875,0.470458984375,0.281494140625,2004,Honda,Accord LX,,204100,Clean,5-Speed Automatic,4,2.4
94,7859011111,2200.0,0.44580078125,0.1929931640625,0.86865234375,0.0462646484375,0.315185546875,0.1099853515625,0.05279541015625,0.0986328125,0.261474609375,0.57763671875,0.7685546875,2004,Honda,Accord,,220000,clean,,,
95,7858764778,13500.0,0.5634765625,0.1771240234375,0.8447265625,0.0736083984375,0.284423828125,0.2247314453125,0.242919921875,0.2481689453125,0.33935546875,0.5849609375,0.75732421875,2015,Honda,Accord,EX-L v6,121000,Clean,Automatic (assumed),6,
96,7863104702,1.0,0.368896484375,0.1490478515625,0.296875,0.40771484375,0.147705078125,0.0165557861328125,0.025238037109375,0.1385498046875,0.032928466796875,0.445068359375,0.4775390625,"['99-02', '03-05', '96-99', '00-05', '99-01', '02-07']","['Accord', 'Civic', 'Odyssey']","['Accord', 'Civic', 'Odyssey']","['4spd 3.0 V6', '5spd V6-4Cyl', '4spd 4Cyl', '4spd 4Cyl', '4spd 3.5 V6', '5spd 3.5 V6']",,,"['Automatic (4spd)', 'Manual (5spd)']","[6, 4]",
97,7863103472,1.0,0.279296875,0.1949462890625,0.2427978515625,0.375732421875,0.1373291015625,0.0035877227783203125,0.018798828125,0.0469970703125,0.1402587890625,0.491455078125,0.5927734375,99-02,Honda,Accord,3.0 V6 Accord,,,4spd Automatic,6,
98,7863103012,1.0,0.19677734375,0.183837890625,0.279052734375,0.331787109375,0.1693115234375,0.0100860595703125,0.022735595703125,0.0276031494140625,0.03375244140625,0.470947265625,0.7890625,99-02,Accord,,3.0 V6,,,4spd,6,
99,7858469647,9950.0,0.300537109375,0.10137939453125,0.82177734375,0.064208984375,0.2841796875,0.450439453125,0.184814453125,0.277587890625,0.22021484375,0.67431640625,0.329833984375,2015,HONDA,ACCORD,LX SEDAN 4D,76400,clean,AUTOMATIC,4,2.4
100,7865743561,21500.0,0.273681640625,0.77685546875,0.92822265625,0.330078125,0.57666015625,0.56494140625,0.3779296875,0.1982421875,0.521484375,0.54931640625,0.6171875,2018,Tesla,Model 3,,,,,,
101,7865740967,17998.0,0.68896484375,0.70263671875,0.87255859375,0.2724609375,0.59716796875,0.4296875,0.43212890625,0.345703125,0.44287109375,0.685546875,0.59228515625,2018,Mazda,3 Grand Touring Sedan,Grand Touring,,,,,
102,7865740688,7900.0,0.98681640625,0.42578125,0.381103515625,0.125732421875,0.41796875,0.221923828125,0.33837890625,0.344482421875,0.52490234375,0.7431640625,0.54248046875,2010,VW,Touareg,TDI,,,,,
103,7865730920,11500.0,0.5859375,0.306884765625,0.37939453125,0.12396240234375,0.8916015625,0.402099609375,0.360595703125,0.366943359375,0.427490234375,0.54541015625,0.77734375,2018,Chevrolet,Bolt Ev,,70000,,,,
104,7865729497,6900.0,0.666015625,0.417724609375,0.85205078125,0.06817626953125,0.7099609375,0.734375,0.12457275390625,0.120849609375,0.491943359375,0.81982421875,0.499755859375,2008,Mazda,3 Sedan,,104000,,Manual,,
105,7865728660,23500.0,0.76611328125,0.442138671875,0.70166015625,0.1348876953125,0.93408203125,0.372802734375,0.17138671875,0.3876953125,0.5830078125,0.7958984375,0.74169921875,2023,Toyota,Corolla LE Sedan Hybrid,LE,,,,,
106,7865620853,6550.0,0.837890625,0.1517333984375,0.5390625,0.0762939453125,0.76953125,0.36279296875,0.2099609375,0.1842041015625,0.31103515625,0.76123046875,0.424560546875,not available,Toyota,minivan,,not available,clean,,,
107,7858247772,17800.0,0.50146484375,0.16845703125,0.7216796875,0.1365966796875,0.5234375,0.1634521484375,0.0931396484375,0.0462646484375,0.350830078125,0.7587890625,0.75732421875,2020,Honda,Accord EX-L Hybrid,EX-L,51,clean,Automatic,,
108,7865425872,18500.0,0.95703125,0.302734375,0.03070068359375,0.0252838134765625,0.03045654296875,0.03759765625,0.03302001953125,0.1842041015625,0.1842041015625,0.53564453125,0.37060546875,2019,Chevy,Silverado,,55000,,,,
109,7865357418,3250.0,0.99169921875,0.08123779296875,0.363525390625,0.0236053466796875,0.268310546875,0.34423828125,0.21044921875,0.2088623046875,0.28955078125,0.76025390625,0.56298828125,2002,Ford,Explorer,Limited,155000,Clean,Automatic,8,
110,7865002874,3750.0,0.46826171875,0.2294921875,0.95263671875,0.04962158203125,0.32421875,0.2442626953125,0.1751708984375,0.2476806640625,0.3681640625,0.7109375,0.552734375,2006,Toyota,Camry Le,Le,225000,Clean,Automatic,4,2.4
111,7864974745,5950.0,0.69873046875,0.270751953125,0.95166015625,0.05023193359375,0.337158203125,0.685546875,0.2044677734375,0.0300750732421875,0.22412109375,0.63671875,0.72900390625,2003,Volvo,V70 Wagon,,73000,California Clean Title,Automatic,5,2.5
112,7864972219,2950.0,0.92626953125,0.267578125,0.69873046875,0.10693359375,0.65673828125,0.2159423828125,0.2091064453125,0.319580078125,0.43701171875,0.71728515625,0.52880859375,2006,Volvo,XC 90,,180000,Clean California title,Automatic,5,2.5
113,7864971130,1950.0,0.74462890625,0.1259765625,0.54345703125,0.0452880859375,0.91064453125,0.311279296875,0.471923828125,0.1231689453125,0.392333984375,0.5234375,0.35986328125,2011,Nissan,Leaf,,66000,California Clean Title,Automatic FWD,,
114,7864954334,7000.0,0.66357421875,0.58740234375,0.7880859375,0.2091064453125,0.5283203125,0.58154296875,0.255126953125,0.286376953125,0.342529296875,0.732421875,0.8544921875,2010,Ford,Fusion,SEL,,clean,Automatic,6,3
115,7864913401,4250.0,0.4521484375,0.27587890625,0.7333984375,0.0288238525390625,0.56396484375,0.31982421875,0.2303466796875,0.149169921875,0.55419921875,0.71826171875,0.4345703125,2006,Toyota,Corolla LE,LE,201000,California Clean Title,Automatic,4,1.8
116,7864906902,4500.0,0.98291015625,0.1114501953125,0.322021484375,0.06390380859375,0.61181640625,0.410400390625,0.3544921875,0.1427001953125,0.41943359375,0.6494140625,0.4921875,2007,Chevy,Tahoe LS SUV,LS,149000,Clean California title,Automatic,8,
117,7864905870,4500.0,0.198486328125,0.262451171875,0.947265625,0.0240325927734375,0.345947265625,0.41357421875,0.22412109375,0.07330322265625,0.300537109375,0.6640625,0.391357421875,2004,Toyota,Corolla Ce,,130000,California Clean Title,5Spd Manual,4,
118,7864904980,4750.0,0.671875,0.2646484375,0.94873046875,0.1123046875,0.1075439453125,0.1854248046875,0.22021484375,0.0254058837890625,0.0723876953125,0.7734375,0.261474609375,2007,Ford,Crown Victoria,LX,115000,Clean,Automatic,,
119,7864904785,4250.0,0.51708984375,0.107421875,0.490966796875,0.075927734375,0.6875,0.3115234375,0.39306640625,0.1776123046875,0.6083984375,0.525390625,0.42919921875,2008,Nissan,Altima Coupe S,S,174000,Clean Title,6 Spd Manual Shifts perfectly,4,2.5
120,7864905195,3950.0,0.52783203125,0.365234375,0.724609375,0.0718994140625,0.413330078125,0.3193359375,0.1683349609375,0.0987548828125,0.697265625,0.630859375,0.5654296875,2007,Toyota,Scion Tc Coupe,,130000,clean,Automatic,4,2.4
121,7864876044,4950.0,0.57275390625,0.1624755859375,0.880859375,0.042724609375,0.55615234375,0.2144775390625,0.337158203125,0.12359619140625,0.466796875,0.7490234375,0.3466796875,2010,Volvo,V50 Wagon,,140k,California Clean Title,Automatic,5,
122,7864874967,4750.0,0.47314453125,0.0531005859375,0.43310546875,0.035003662109375,0.86083984375,0.2288818359375,0.330810546875,0.1458740234375,0.48583984375,0.67529296875,0.420654296875,2006,Toyota,Corolla Matrix Hatchback,,175000,Clean,Automatic,,
123,7864874222,3950.0,0.87548828125,0.1585693359375,0.430908203125,0.0292510986328125,0.50927734375,0.33935546875,0.28857421875,0.263916015625,0.32421875,0.56640625,0.40283203125,2001,Subaru,Forester L,L,137000,California Clean Title,Automatic,4,2.5
124,7864873277,2750.0,0.50146484375,0.157958984375,0.7822265625,0.025604248046875,0.646484375,0.474853515625,0.29248046875,0.055206298828125,0.5361328125,0.67626953125,0.4013671875,2007,Ford,Focus,ZX4 SE,155000,Clean,Automatic,4,2.0
125,7864873613,4250.0,0.9794921875,0.6005859375,0.6259765625,0.050933837890625,0.406005859375,0.4111328125,0.2342529296875,0.5869140625,0.411376953125,0.6865234375,0.337646484375,2005,Toyota,Tundra SR5 Double Cab,,290000,California Clean Title,Automatic,8,4.7
126,7864872236,2750.0,0.99462890625,0.0567626953125,0.486083984375,0.01503753662109375,0.25830078125,0.260498046875,0.283203125,0.0361328125,0.1595458984375,0.71484375,0.398193359375,2002,Ford,Explorer,XLT,205000,California Clean Title,Automatic,6,4.0
127,7864871186,9995.0,0.72900390625,0.489990234375,0.9326171875,0.39892578125,0.267333984375,0.5390625,0.285888671875,0.2388916015625,0.3623046875,0.59765625,0.63623046875,2016,Jaguar,XF,35T Supercharged,114000,Clean,Automatic,6,
128,7864869317,8950.0,0.36767578125,0.84228515625,0.52587890625,0.76904296875,0.367431640625,0.270263671875,0.4970703125,0.11767578125,0.7998046875,0.78125,0.32421875,2005,Lexus,Sc430 Convertible,,170000,Clean,Automatic,8,4.3
129,7864868994,4750.0,0.9560546875,0.51904296875,0.054046630859375,0.055938720703125,0.055389404296875,0.09796142578125,0.07867431640625,0.0784912109375,0.7109375,0.5791015625,0.328125,2000,Toyota,Tundra SR5,SR5,212000,clean,Automatic,,
130,7864867698,1495.0,0.073974609375,0.031463623046875,0.38330078125,0.02691650390625,0.8388671875,0.2265625,0.294921875,0.045318603515625,0.324462890625,0.365234375,0.359619140625,2008,Kia,Rio,,144000,Clean,Manual,,
131,7864867540,4250.0,0.3056640625,0.420166015625,0.896484375,0.08056640625,0.310791015625,0.27978515625,0.28955078125,0.240478515625,0.5615234375,0.71630859375,0.234375,2007,Lexus,Is350,,205000,Clean,Automatic,6,
132,7864866767,2450.0,0.9921875,0.330078125,0.36474609375,0.03411865234375,0.385986328125,0.303466796875,0.262939453125,0.10321044921875,0.3134765625,0.65966796875,0.403076171875,2002,Ford,Explorer XLT,XLT,225000,Clean California title,Automatic,6,4.0
133,7864866240,4950.0,0.97900390625,0.366943359375,0.335205078125,0.038665771484375,0.2144775390625,0.21728515625,0.174560546875,0.0347900390625,0.0916748046875,0.71435546875,0.366455078125,2004,Ford,F-150,,240000,Salvage,Automatic,,
134,7864865493,2450.0,0.5009765625,0.424072265625,0.90478515625,0.4326171875,0.199951171875,0.56640625,0.391357421875,0.02752685546875,0.465576171875,0.681640625,0.395263671875,1994,Infiniti,Q45,,175000,Clean California title,Automatic,8,
135,7864807334,3800.0,0.48046875,0.63232421875,0.9580078125,0.0924072265625,0.259521484375,0.6181640625,0.315673828125,0.1016845703125,0.3681640625,0.79345703125,0.23779296875,2002,Acura,RL,3.5 v6 225hp,202000,Clean title,,6,
136,7860742381,25.0,0.1580810546875,0.2265625,0.8935546875,0.050933837890625,0.355224609375,0.484619140625,0.0318603515625,0.394287109375,0.60546875,0.5595703125,0.17333984375,2001,honda,accord,,201000,Clean title,,,
137,7863467682,3450.0,0.56591796875,0.10797119140625,0.92626953125,0.394775390625,0.387451171875,0.36083984375,0.285400390625,0.022552490234375,0.29736328125,0.7421875,0.1763916015625,2008,Audi,A4,,165000,Clean California title,Automatic,4,2.0
138,7863262463,7500.0,0.97119140625,0.085205078125,0.16552734375,0.0059814453125,0.209228515625,0.420166015625,0.388427734375,0.17578125,0.1688232421875,0.6337890625,0.42822265625,2015,Ford Escape,,,,clean,,,
139,7859654962,13.0,0.6142578125,0.053192138671875,0.5576171875,0.06353759765625,0.6220703125,0.252197265625,0.2041015625,0.062347412109375,0.2467041015625,0.67578125,0.280029296875,2016,Honda,civic EX,,44000,clean,Automatic,,
140,7862196738,1.0,0.196044921875,0.1837158203125,0.27978515625,0.28076171875,0.1697998046875,0.0100860595703125,0.022735595703125,0.0276031494140625,0.03375244140625,0.470947265625,0.7890625,"['99-02', '03-05', '96-99', '00-05', '99-01', '02-07']","['Accord', 'Civic', 'Odyssey']","['4spd 3.0 V6 Accord', '5spd V6-4Cyl Accord', '4spd 4Cyl Civic', '00-05 4spd 4Cyl Civic', '99-01 4spd 3.5 V6 Odyssey', '02-07 5spd 3.5 V6 Odyssey']",[],[],['clean'],"['Automatic', 'Manual']","[6, 4]",[]
141,7861847460,5600.0,0.6220703125,0.345947265625,0.935546875,0.1412353515625,0.398681640625,0.73388671875,0.214111328125,0.08428955078125,0.50732421875,0.83349609375,0.403076171875,2002,Lexus,is300,,221000,Clean,Automatic,6,3.0
142,7861700730,4250.0,0.38818359375,0.25537109375,0.35009765625,0.10015869140625,0.7783203125,0.533203125,0.400146484375,0.08148193359375,0.327392578125,0.62158203125,0.2181396484375,2014,Chevy,Sonic Lt,Lt,67000,Clean,Automatic,,
143,7861582121,2950.0,0.7080078125,0.890625,0.32275390625,0.0496826171875,0.276123046875,0.1949462890625,0.1939697265625,0.1781005859375,0.292724609375,0.79931640625,0.470703125,1999,DODGE,RAM 1500,Laramie Edition,440000,Clean,Automatic,,
144,7860553546,6800.0,0.65966796875,0.464111328125,0.69384765625,0.7646484375,0.4716796875,0.327880859375,0.12445068359375,0.0765380859375,0.391357421875,0.8466796875,0.6259765625,,Buick,Thunderbird,,,clean,,,
145,7859869556,6500.0,0.720703125,0.057098388671875,0.5732421875,0.04705810546875,0.79638671875,0.251220703125,0.12841796875,0.318359375,0.2587890625,0.367919921875,0.7607421875,2017,Ford,Fiesta,,62000,Clean Title,Automatic Transmission,,
146,7859432603,3998.0,0.56396484375,0.3642578125,0.9599609375,0.11517333984375,0.48046875,0.1451416015625,0.390380859375,0.12030029296875,0.345703125,0.7119140625,0.70263671875,2010,Mitsubishi,Galant,,,clean,,,
147,7858505691,8999.0,0.94091796875,0.61962890625,0.7626953125,0.32275390625,0.7685546875,0.1318359375,0.34326171875,0.1370849609375,0.471923828125,0.68505859375,0.67529296875,2009,SUBARU,Outback,SPORT edition,,,,,
148,7867530344,1750.0,0.38134765625,0.264404296875,0.93359375,0.06256103515625,0.65966796875,0.2420654296875,0.55419921875,0.221923828125,0.291748046875,0.8515625,0.259521484375,empty,empty,empty,empty,217000,branded/salvage,automatic,empty,empty
149,7867517852,6998.0,0.52734375,0.163330078125,0.8857421875,0.258056640625,0.31982421875,0.310302734375,0.45849609375,0.302734375,0.75048828125,0.482666015625,0.6162109375,,,,,0,clean,,0,0.0
150,7867515812,5500.0,0.462158203125,0.552734375,0.806640625,0.1201171875,0.48681640625,0.39453125,0.56494140625,0.26953125,0.30517578125,0.6513671875,0.387451171875,Unknown,,,,124000,clean,Manual,Unknown,Unknown
151,7867476847,2600.0,0.37548828125,0.306396484375,0.91162109375,0.03662109375,0.60400390625,0.181640625,0.1585693359375,0.2396240234375,0.325927734375,0.6455078125,0.281982421875,,,,4 dr,120000,clean,Automatic,,
152,7867475963,3250.0,0.443603515625,0.37353515625,0.67333984375,0.053558349609375,0.60546875,0.2449951171875,0.16748046875,0.199462890625,0.47998046875,0.5771484375,0.50537109375,2012,Nissan,Altima,,117000,clean,Automatic,4,
153,7867468288,4800.0,0.43408203125,0.68505859375,0.908203125,0.07904052734375,0.39794921875,0.68701171875,0.156982421875,0.2335205078125,0.32275390625,0.5986328125,0.7041015625,2011,Nisan,Altima,,150000,clean,,4,
154,7867452319,4200.0,0.86181640625,0.379638671875,0.8896484375,0.1312255859375,0.82666015625,0.64404296875,0.1475830078125,0.2138671875,0.57666015625,0.6435546875,0.77685546875,2009,Nissan,Altima Hybrid,,55913,clean,"Automatic, CVT",4,2.5
155,7867314463,4800.0,0.3203125,0.054901123046875,0.80712890625,0.04400634765625,0.330322265625,0.1324462890625,0.144287109375,0.2003173828125,0.2142333984375,0.326416015625,0.5380859375,2014,Nissan,Altima,,142000,clean,,,
156,7867256582,5800.0,0.7138671875,0.4306640625,0.8828125,0.13916015625,0.387451171875,0.4658203125,0.6806640625,0.443115234375,0.30078125,0.55859375,0.60400390625,,,,,,Clean,,,
157,7867218332,2900.0,0.6865234375,0.459716796875,0.796875,0.08245849609375,0.328125,0.1824951171875,0.168212890625,0.1505126953125,0.50634765625,0.64697265625,0.447265625,2012,Nissan,Altima 2.5,2.5,,Salvage,,,
158,7867078108,4500.0,0.12451171875,0.18212890625,0.87890625,0.1588134765625,0.5029296875,0.44921875,0.71826171875,0.2021484375,0.2139892578125,0.525390625,0.287841796875,2006,Nissan,Altima SE-6,SE-6,188000,Clean,Automatic,6,
159,7867029967,5995.0,0.29931640625,0.32958984375,0.955078125,0.03472900390625,0.67822265625,0.1717529296875,0.2291259765625,0.46484375,0.57568359375,0.70556640625,0.82568359375,2008,Nissan,Altima Hybrid,,89000,Clean Title,,,
160,7867013939,4000.0,0.51806640625,0.30029296875,0.82763671875,0.0645751953125,0.6376953125,0.381591796875,0.53466796875,0.027587890625,0.220458984375,0.59765625,0.79833984375,,Nissan,Altima,,,clean,,,
161,7866953865,5900.0,0.6513671875,0.2354736328125,0.73583984375,0.1568603515625,0.458251953125,0.28125,0.218994140625,0.264404296875,0.434814453125,0.491943359375,0.45556640625,2011,Nissan,Altima,2.5,113890,clean,,4,
162,7866936183,7800.0,0.81103515625,0.5986328125,0.387451171875,0.0977783203125,0.806640625,0.61474609375,0.39111328125,0.04541015625,0.329345703125,0.48388671875,0.433837890625,,,,,,Clean,,4,
163,7866809375,7000.0,0.09735107421875,0.03582763671875,0.77783203125,0.0316162109375,0.55859375,0.157470703125,0.14013671875,0.32568359375,0.42724609375,0.372314453125,0.259765625,2015,Nissan,Altima,S,,clean,,,
164,7866708974,5999.0,0.65966796875,0.399169921875,0.853515625,0.16259765625,0.30615234375,0.51953125,0.666015625,0.40234375,0.399169921875,0.513671875,0.6611328125,,,,,,clean,,,
165,7866708095,4999.0,0.331787109375,0.3271484375,0.8232421875,0.10198974609375,0.46435546875,0.50439453125,0.399169921875,0.4677734375,0.330810546875,0.7470703125,0.77197265625,,,,,,clean,,,
166,7866575889,6300.0,0.6025390625,0.1217041015625,0.716796875,0.043060302734375,0.66357421875,0.229248046875,0.318359375,0.0706787109375,0.373779296875,0.60400390625,0.33154296875,2017,Altima,SV,,,Clean,,,
167,7866572301,4500.0,0.41943359375,0.1375732421875,0.9150390625,0.061676025390625,0.5830078125,0.292724609375,0.314453125,0.1475830078125,0.342041015625,0.73388671875,0.347900390625,2010,Nissan,Altima,,,clean,,,
168,7866442167,4400.0,0.619140625,0.2318115234375,0.76611328125,0.059417724609375,0.69189453125,0.333740234375,0.2222900390625,0.0931396484375,0.375732421875,0.66259765625,0.489013671875,2008,Nissan,Altima,,140000,Branded/ Salvage,Automatic,4,
169,7866311058,14700.0,0.56591796875,0.34521484375,0.55712890625,0.241455078125,0.422607421875,0.48681640625,0.433837890625,0.16357421875,0.60888671875,0.5703125,0.3095703125,2020,Nissan,Altima,,93000,Clean,Automatic,,
170,7866224632,6500.0,0.46630859375,0.09588623046875,0.74609375,0.0548095703125,0.47607421875,0.33056640625,0.1883544921875,0.27099609375,0.338134765625,0.81982421875,0.3955078125,,Nissan,Altima,,117000,clean,,,
171,7866058647,3800.0,0.587890625,0.494140625,0.84326171875,0.085205078125,0.370849609375,0.5966796875,0.56689453125,0.453369140625,0.49365234375,0.49169921875,0.6484375,2009,NISSAN,ALTIMA 2.5 SL,SL,137000,Clean,,,
172,7866035463,8400.0,0.52880859375,0.40380859375,0.55615234375,0.08563232421875,0.65478515625,0.4921875,0.5234375,0.07208251953125,0.43603515625,0.425048828125,0.494140625,2015,Nissan,Altima,,166000,clean,Automatic,4,
173,7866011656,6000.0,0.359130859375,0.56494140625,0.837890625,0.08868408203125,0.2178955078125,0.1029052734375,0.152099609375,0.1534423828125,0.52734375,0.376708984375,0.712890625,unknown,unknown,unknown,,low mileage,clean,unknown,unknown,unknown
174,7865760735,6000.0,0.289306640625,0.057861328125,0.8056640625,0.061614990234375,0.44580078125,0.1492919921875,0.1971435546875,0.25,0.25390625,0.56982421875,0.724609375,,,,,123000,clean,Automatic,4,
175,7865671873,5500.0,0.2315673828125,0.180419921875,0.7880859375,0.054168701171875,0.427734375,0.304443359375,0.285888671875,0.2978515625,0.5986328125,0.65771484375,0.2783203125,,,,,0,clean,,0,0.0
176,7865536470,6500.0,0.46630859375,0.09588623046875,0.74609375,0.0548095703125,0.47607421875,0.33056640625,0.1883544921875,0.27099609375,0.338134765625,0.81982421875,0.3955078125,not available,Nissan,Altima,not available,117000,clean,not available,not available,not available
177,7865516288,8900.0,0.3935546875,0.513671875,0.86181640625,0.1409912109375,0.6611328125,0.6181640625,0.4111328125,0.2354736328125,0.779296875,0.83154296875,0.65380859375,,,,,,clean,,,
178,7865497247,3999.0,0.53125,0.10455322265625,0.67626953125,0.1923828125,0.316162109375,0.1732177734375,0.059844970703125,0.048095703125,0.381103515625,0.861328125,0.650390625,New (Year not specified),,,,,Clean,,,
179,7865463267,4700.0,0.2005615234375,0.1357421875,0.91259765625,0.030029296875,0.66259765625,0.29345703125,0.1788330078125,0.04571533203125,0.494384765625,0.58642578125,0.305419921875,2013,Nissan,Altima,,143000,clean,Automatic,6,
180,7865072029,5999.0,0.43017578125,0.1019287109375,0.81396484375,0.069580078125,0.5888671875,0.397705078125,0.304931640625,0.11492919921875,0.368896484375,0.476806640625,0.27490234375,2017,Altima,Sv,Sv,,Clean title and carfax,,,
181,7864904785,4250.0,0.51708984375,0.107421875,0.490966796875,0.075927734375,0.6875,0.3115234375,0.39306640625,0.1776123046875,0.6083984375,0.525390625,0.42919921875,2008,Nissan,Altima Coupe S,S,174000,California Clean Title,6 Spd Manual Shifts perfectly,4,
182,7864867540,2950.0,0.65380859375,0.3203125,0.87451171875,0.07861328125,0.37451171875,0.548828125,0.37158203125,0.0239105224609375,0.206787109375,0.66064453125,0.32177734375,2012,Nissan,Altima 3.5,,200000,Clean California title,Automatic,6,3.5
183,7864406873,4200.0,0.509765625,0.1661376953125,0.8046875,0.074462890625,0.42529296875,0.213134765625,0.1624755859375,0.1939697265625,0.4912109375,0.76806640625,0.56982421875,2009,Nissan,Altima,,165000,Clean title,Automatic,,
184,7864135898,6900.0,0.12371826171875,0.1744384765625,0.84814453125,0.031280517578125,0.386962890625,0.349853515625,0.344482421875,0.10992431640625,0.56689453125,0.287109375,0.2039794921875,2015,Nissan,Altima,,95000,branded/ salvage,AT,,
185,7863983246,4200.0,0.354248046875,0.4052734375,0.7314453125,0.060882568359375,0.391845703125,0.45068359375,0.291015625,0.5576171875,0.39794921875,0.73681640625,0.71142578125,Not available,Japanese,Not available,Not available,156000,clean,Automatic,,
186,7863712357,6500.0,0.46630859375,0.09588623046875,0.74609375,0.0548095703125,0.47607421875,0.33056640625,0.1883544921875,0.27099609375,0.338134765625,0.81982421875,0.3955078125,,Nissan,Altima,,117000,clean,,,
187,7863499495,9000.0,0.61669921875,0.08685302734375,0.84423828125,0.06634521484375,0.50732421875,0.380615234375,0.34130859375,0.054107666015625,0.2880859375,0.595703125,0.64990234375,2017,Nissan,Altima,2.5 S 4Cyl Gas Saver,98000,Clean Title In Hand,,4,
188,7863339533,5200.0,0.3408203125,0.78564453125,0.7763671875,0.223876953125,0.313720703125,0.325439453125,0.394775390625,0.1080322265625,0.5751953125,0.64111328125,0.58349609375,2010,Nissan,Altima,,140000,clean,,,
189,7863277890,16000.0,0.79638671875,0.06256103515625,0.52392578125,0.1627197265625,0.66845703125,0.47900390625,0.201416015625,0.2098388671875,0.479248046875,0.57763671875,0.76025390625,2021,Nissan,Altima,SV,,clean,,,
190,7863270489,3600.0,0.1767578125,0.1746826171875,0.837890625,0.0394287109375,0.6494140625,0.31201171875,0.1778564453125,0.228759765625,0.455078125,0.29638671875,0.1883544921875,2013,Nissan,Altima,,,clean,,,
191,7863094781,4700.0,0.1351318359375,0.6162109375,0.9580078125,0.028289794921875,0.397705078125,0.18408203125,0.13232421875,0.1278076171875,0.333740234375,0.62841796875,0.326416015625,2010,nissan,altima,,157000,clean,automatic,,
192,7863036923,7900.0,0.517578125,0.153564453125,0.8623046875,0.1673583984375,0.447021484375,0.14404296875,0.12890625,0.119384765625,0.47216796875,0.603515625,0.740234375,2015,Nissan,Altima,,,clean,,,
193,7863034127,1599.0,0.468505859375,0.14599609375,0.73583984375,0.0675048828125,0.55615234375,0.401123046875,0.2044677734375,0.0728759765625,0.2467041015625,0.6875,0.75,2008,Nissan,Altima 2.5S,2.5S,184000,clean,CVT automatic,4,2.5
194,7863005592,2200.0,0.5703125,0.0977783203125,0.78564453125,0.0258636474609375,0.43359375,0.11181640625,0.09869384765625,0.06805419921875,0.345703125,0.60205078125,0.262939453125,2008,Nissan,Altima Hybrid,,0,,,0,0
195,7862362123,3800.0,0.3671875,0.04156494140625,0.8818359375,0.09228515625,0.4111328125,0.2059326171875,0.229736328125,0.00799560546875,0.03680419921875,0.7607421875,0.27490234375,1999,Nissan,Altima,,158000,clean,Manual,,
196,7862239938,3450.0,0.40966796875,0.325439453125,0.876953125,0.067138671875,0.6728515625,0.341552734375,0.234619140625,0.321044921875,0.470947265625,0.74609375,0.239990234375,2013,Nissan,Altima,,208000,Clean title,,,
197,7862228682,7900.0,0.74365234375,0.2158203125,0.796875,0.72216796875,0.40625,0.2237548828125,0.310546875,0.10791015625,0.1851806640625,0.6044921875,0.74951171875,Loaded,,coupe,,55000,clean,,,
198,7862226509,7900.0,0.62548828125,0.27685546875,0.7236328125,0.06787109375,0.65966796875,0.70556640625,0.18408203125,0.1585693359375,0.338134765625,0.76611328125,0.64892578125,2013,Nissan,Altima Sedan,V6 3.5 L,80000,clean,,,
199,7862065498,2200.0,0.313720703125,0.767578125,0.65625,0.0753173828125,0.6142578125,0.525390625,0.288330078125,0.42529296875,0.37255859375,0.69873046875,0.2396240234375,2008,Nissan,Altima,,,clean,Automatic,5,
200,7861990361,23000.0,0.46875,0.12225341796875,0.77001953125,0.08978271484375,0.467041015625,0.411865234375,0.4873046875,0.1732177734375,0.64306640625,0.33935546875,0.176025390625,2022,Nissan,Altima 2.5 SR Sedan,SR,15638,clean,"Automatic, Xtronic CVT",4,2.5
201,7861593482,3800.0,0.359130859375,0.2237548828125,0.599609375,0.07366943359375,0.374755859375,0.2457275390625,0.241943359375,0.072265625,0.1707763671875,0.51611328125,0.748046875,available,Nissan,Altima,SL,171905,clean,,,
202,7861555884,4999.0,0.427490234375,0.218017578125,0.7353515625,0.06060791015625,0.65771484375,0.283447265625,0.59033203125,0.230712890625,0.57421875,0.62744140625,0.67822265625,,,,,,clean,,,
203,7861553736,5499.0,0.395751953125,0.37353515625,0.87841796875,0.1912841796875,0.402099609375,0.303466796875,0.5166015625,0.2366943359375,0.5048828125,0.837890625,0.66552734375,,,,,,CLEAN TITLE,,,
204,7861552511,7499.0,0.57763671875,0.12109375,0.876953125,0.25244140625,0.299560546875,0.235107421875,0.2388916015625,0.301513671875,0.64892578125,0.67138671875,0.6591796875,,,,,,clean,,,
205,7861369583,2200.0,0.32568359375,0.177001953125,0.55029296875,0.03326416015625,0.6259765625,0.1822509765625,0.228271484375,0.0836181640625,0.340576171875,0.79248046875,0.203369140625,,,,,,,,,
206,7861364098,10200.0,0.65185546875,0.40576171875,0.64892578125,0.1337890625,0.63916015625,0.274169921875,0.69482421875,0.491455078125,0.290771484375,0.53759765625,0.34130859375,2010,Nissan,Altima S,S,55000,clean,,,
207,7861323603,2800.0,0.2437744140625,0.767578125,0.6142578125,0.0667724609375,0.71923828125,0.384521484375,0.3564453125,0.12335205078125,0.472900390625,0.50244140625,0.277587890625,2009,Nissan,Altima,2.5 S Sedan 4D,234000,clean,Automatic,4,2.5
208,7860851038,4900.0,0.1444091796875,0.1561279296875,0.9560546875,0.0819091796875,0.41796875,0.059234619140625,0.0723876953125,0.1839599609375,0.46484375,0.7265625,0.263427734375,,,,,160000,Clean,,,
209,7864971130,1950.0,0.74462890625,0.1259765625,0.54345703125,0.0452880859375,0.91064453125,0.311279296875,0.471923828125,0.1231689453125,0.392333984375,0.5234375,0.35986328125,2011,Nissan,Leaf,,66000,California Clean Title,Automatic FWD,,
210,7860490517,6998.0,0.49951171875,0.2001953125,0.818359375,0.09039306640625,0.3349609375,0.2208251953125,0.1494140625,0.054229736328125,0.61328125,0.64404296875,0.73583984375,,,,,94000,clean,,,
211,7860246333,7800.0,0.69921875,0.26416015625,0.69677734375,0.08709716796875,0.453369140625,0.256103515625,0.1898193359375,0.276123046875,0.239990234375,0.5615234375,0.27197265625,,,,,,clean,,,
212,7860227667,5500.0,0.462158203125,0.552734375,0.806640625,0.1201171875,0.48681640625,0.39453125,0.56494140625,0.26953125,0.30517578125,0.6513671875,0.387451171875,Not available,,Not available,2 door coupe,124000,clean,Manual,,
213,7867539373,5500.0,0.299560546875,0.12298583984375,0.8271484375,0.041839599609375,0.496826171875,0.382568359375,0.497314453125,0.021240234375,0.2117919921875,0.5439453125,0.395751953125,2010,Honda,Civic,,150000,clean,automatic,4,
214,7860048670,3300.0,0.411376953125,0.0772705078125,0.58349609375,0.0207977294921875,0.6142578125,0.244140625,0.2381591796875,0.2237548828125,0.54736328125,0.439453125,0.180419921875,,,,,219000,clean,automatic,,
215,7867329396,3600.0,0.56396484375,0.3642578125,0.9599609375,0.11517333984375,0.48046875,0.1451416015625,0.390380859375,0.12030029296875,0.345703125,0.7119140625,0.70263671875,2010,Mitsubishi,Galant,,,Clean,,,
216,7865357418,3250.0,0.99169921875,0.08123779296875,0.363525390625,0.0236053466796875,0.268310546875,0.34423828125,0.21044921875,0.2088623046875,0.28955078125,0.76025390625,0.56298828125,2002,Ford,Explorer,Limited,155000,clean,Automatic,8,
217,7865002874,3750.0,0.46826171875,0.2294921875,0.95263671875,0.04962158203125,0.32421875,0.2442626953125,0.1751708984375,0.2476806640625,0.3681640625,0.7109375,0.552734375,2006,Toyota,Camry Le,Le,225000,Clean California title,Automatic,4,
218,7864974745,5950.0,0.69873046875,0.270751953125,0.95166015625,0.05023193359375,0.337158203125,0.685546875,0.2044677734375,0.0300750732421875,0.22412109375,0.63671875,0.72900390625,2003,Volvo,V70 Wagon,,73000,California Clean Title,Automatic,5,
219,7864913401,4250.0,0.4521484375,0.27587890625,0.7333984375,0.0288238525390625,0.56396484375,0.31982421875,0.2303466796875,0.149169921875,0.55419921875,0.71826171875,0.4345703125,2006,Toyota,Corolla LE,LE,201000,California Clean Title,Automatic,4,
220,7864906902,4500.0,0.98291015625,0.1114501953125,0.322021484375,0.06390380859375,0.61181640625,0.410400390625,0.3544921875,0.1427001953125,0.41943359375,0.6494140625,0.4921875,2007,Chevy,Tahoe LS,LS,149000,Clean,Automatic,8,5.3
221,7864905870,1995.0,0.9306640625,0.2301025390625,0.78857421875,0.034576416015625,0.472412109375,0.55029296875,0.30712890625,0.0360107421875,0.599609375,0.564453125,0.4794921875,2003,Ford,Windstar Van,,163000,California Clean Title,Automatic,6,
222,7864905195,3950.0,0.52783203125,0.365234375,0.724609375,0.0718994140625,0.413330078125,0.3193359375,0.1683349609375,0.0987548828125,0.697265625,0.630859375,0.5654296875,2007,Toyota Scion,Tc Coupe,,130000,Clean,Automatic,4,
223,7864904980,4750.0,0.671875,0.2646484375,0.94873046875,0.1123046875,0.1075439453125,0.1854248046875,0.22021484375,0.0254058837890625,0.0723876953125,0.7734375,0.261474609375,2007,Ford,Crown Victoria,LX,115000,Clean,Automatic,8,4.6
224,7864876044,4950.0,0.57275390625,0.1624755859375,0.880859375,0.042724609375,0.55615234375,0.2144775390625,0.337158203125,0.12359619140625,0.466796875,0.7490234375,0.3466796875,2010,Volvo,V50 Wagon,,140000,California Clean Title,Automatic,5,2.4
225,7864874967,4750.0,0.47314453125,0.0531005859375,0.43310546875,0.035003662109375,0.86083984375,0.2288818359375,0.330810546875,0.1458740234375,0.48583984375,0.67529296875,0.420654296875,2006,Toyota,Corolla Matrix Hatchback,,175000,clean,automatic,,
226,7864874222,3950.0,0.87548828125,0.1585693359375,0.430908203125,0.0292510986328125,0.50927734375,0.33935546875,0.28857421875,0.263916015625,0.32421875,0.56640625,0.40283203125,2001,Subaru,Forester L,L,137000,California Clean Title,Automatic,4,2.5
227,7864873613,4250.0,0.9794921875,0.6005859375,0.6259765625,0.050933837890625,0.406005859375,0.4111328125,0.2342529296875,0.5869140625,0.411376953125,0.6865234375,0.337646484375,2005,Toyota,Tundra,SR5 Double Cab,290000,California Clean Title,Automatic,8,4.7
228,7864873277,2750.0,0.50146484375,0.157958984375,0.7822265625,0.025604248046875,0.646484375,0.474853515625,0.29248046875,0.055206298828125,0.5361328125,0.67626953125,0.4013671875,2007,Ford,Focus ZX4 SE,SE,155000,Clean,Automatic,,
229,7864872236,3500.0,0.40087890625,0.88427734375,0.75048828125,0.1170654296875,0.224853515625,0.21044921875,0.1494140625,0.395751953125,0.6279296875,0.73974609375,0.38037109375,2001,Toyota,Camry Solara,,190000,California Clean Title,Automatic,6,3.0
230,7864871186,9995.0,0.72900390625,0.489990234375,0.9326171875,0.39892578125,0.267333984375,0.5390625,0.285888671875,0.2388916015625,0.3623046875,0.59765625,0.63623046875,2016,Jaguar,XF 35T Supercharged,Supercharged,114000,Clean,Automatic,6,3.0
231,7864869317,8950.0,0.36767578125,0.84228515625,0.52587890625,0.76904296875,0.367431640625,0.270263671875,0.4970703125,0.11767578125,0.7998046875,0.78125,0.32421875,2005,Lexus,Sc430 Convertible,,170000,Clean,Automatic,8,
232,7864868994,4750.0,0.9560546875,0.51904296875,0.054046630859375,0.055938720703125,0.055389404296875,0.09796142578125,0.07867431640625,0.0784912109375,0.7109375,0.5791015625,0.328125,2000,Toyota,Tundra SR5,SR5,212000,Clean,Automatic,,
233,7864867698,1495.0,0.073974609375,0.031463623046875,0.38330078125,0.02691650390625,0.8388671875,0.2265625,0.294921875,0.045318603515625,0.324462890625,0.365234375,0.359619140625,2008,Kia,Rio,,144000,Clean,Manual,,
234,7864866767,2450.0,0.9921875,0.330078125,0.36474609375,0.03411865234375,0.385986328125,0.303466796875,0.262939453125,0.10321044921875,0.3134765625,0.65966796875,0.403076171875,2002,Ford,Explorer,XLT,225000,Clean California title,Automatic,6,4
235,7864866240,4950.0,0.97900390625,0.366943359375,0.335205078125,0.038665771484375,0.2144775390625,0.21728515625,0.174560546875,0.0347900390625,0.0916748046875,0.71435546875,0.366455078125,2004,Ford,F-150,,240000,Salvage,Automatic,,
236,7864865493,2450.0,0.5009765625,0.424072265625,0.90478515625,0.4326171875,0.199951171875,0.56640625,0.391357421875,0.02752685546875,0.465576171875,0.681640625,0.395263671875,1994,Infiniti,Q45,,175000,Clean,Automatic,,
237,7861700730,4250.0,0.38818359375,0.25537109375,0.35009765625,0.10015869140625,0.7783203125,0.533203125,0.400146484375,0.08148193359375,0.327392578125,0.62158203125,0.2181396484375,2014,Chevy,Sonic Lt,Lt,67000,Clean,Automatic,,
238,7861582121,2950.0,0.7080078125,0.890625,0.32275390625,0.0496826171875,0.276123046875,0.1949462890625,0.1939697265625,0.1781005859375,0.292724609375,0.79931640625,0.470703125,1999,DODGE,RAM 1500,Laramie Edition,440000,Clean,Automatic,,
239,7865772122,4900.0,0.6689453125,0.08367919921875,0.951171875,0.029937744140625,0.2384033203125,0.1549072265625,0.1466064453125,0.0423583984375,0.17919921875,0.6240234375,0.36083984375,,,,,,clean,,,
240,7865757671,6000.0,0.004261016845703125,0.1246337890625,0.73828125,0.036285400390625,0.45556640625,0.10968017578125,0.04827880859375,0.1793212890625,0.329833984375,0.388916015625,0.1534423828125,2012,Toyota,Camry Hybrid,,215000,Clean,Automatic,,
241,7865702033,12000.0,0.28515625,0.1434326171875,0.81494140625,0.09271240234375,0.7490234375,0.434814453125,0.253173828125,0.1561279296875,0.6005859375,0.4326171875,0.52587890625,2016,Toyota,Camry,SE,,clean,,,
242,7865695709,1800.0,0.421630859375,0.422607421875,0.8623046875,0.0860595703125,0.29052734375,0.669921875,0.357421875,0.264404296875,0.2420654296875,0.779296875,0.58203125,,,,,,,,,
243,7865695311,7500.0,0.88525390625,0.0933837890625,0.72265625,0.059906005859375,0.3447265625,0.2493896484375,0.1480712890625,0.143310546875,0.47314453125,0.458740234375,0.560546875,,Toyota,Camry,,,Clean,,,
244,7865692542,2500.0,0.66650390625,0.36376953125,0.97900390625,0.12646484375,0.71630859375,0.6611328125,0.3076171875,0.595703125,0.2474365234375,0.74755859375,0.52978515625,2001,Toyota,Avalon XL Sedan,XL,249000,Clean,,6,3.0
245,7865685032,1200.0,0.2298583984375,0.15380859375,0.78271484375,0.0679931640625,0.26171875,0.1060791015625,0.07537841796875,0.4755859375,0.55712890625,0.29296875,0.1112060546875,2009,Toyota Camry,,,250000,branded/ salvage,Automatic,,
246,7865678695,3200.0,0.6318359375,0.45849609375,0.91650390625,0.17529296875,0.5546875,0.389892578125,0.6611328125,0.08123779296875,0.1429443359375,0.78076171875,0.53857421875,not available,Camry,not available,,,Clean title,not available,6,
247,7865675249,14800.0,0.740234375,0.125,0.75,0.01922607421875,0.377197265625,0.1856689453125,0.1497802734375,0.08111572265625,0.356201171875,0.72705078125,0.76806640625,2026,,,,,Clean Title,,,
248,7865660987,3500.0,0.62060546875,0.046783447265625,0.423583984375,0.04443359375,0.6650390625,0.3486328125,0.1944580078125,0.6484375,0.41943359375,0.4521484375,0.123291015625,not available,not available,not available,not available,,Clean title,not available,,
249,7865645787,3000.0,0.390380859375,0.10626220703125,0.94091796875,0.0625,0.65087890625,0.277587890625,0.237548828125,0.0175018310546875,0.07861328125,0.66064453125,0.2763671875,,,,,206637,clean,Automatic,4,
250,7865638553,1999.0,0.79736328125,0.281982421875,0.88037109375,0.244140625,0.60546875,0.5234375,0.1448974609375,0.09295654296875,0.319580078125,0.75830078125,0.66748046875,2004,Toyota,Camry,LE Sedan 4D,244280,clean,Automatic,4,2.4
251,7865633305,2999.0,0.7294921875,0.293212890625,0.95263671875,0.322021484375,0.56884765625,0.240966796875,0.10870361328125,0.09149169921875,0.1805419921875,0.71630859375,0.64794921875,2001,Toyota,Camry,LE Sedan 4D,188086,clean,Automatic,4,2.2
252,7865631981,2399.0,0.7109375,0.407470703125,0.919921875,0.12420654296875,0.250732421875,0.63720703125,0.21630859375,0.025054931640625,0.1739501953125,0.64990234375,0.69287109375,1999,Toyota,Camry,XLE Sedan 4D,241295,Clean,Automatic,6,3.0
253,7865631504,4599.0,0.5185546875,0.339111328125,0.85302734375,0.08734130859375,0.8466796875,0.59033203125,0.39697265625,0.1138916015625,0.308349609375,0.64794921875,0.7744140625,2007,Toyota,Camry,LE Sedan 4D,163270,Clean,Automatic,4,2.4
254,7865512399,6000.0,0.548828125,0.10546875,0.931640625,0.1427001953125,0.78662109375,0.615234375,0.312255859375,0.285888671875,0.1707763671875,0.52197265625,0.673828125,2007,Toyota,Camry,XLE (50th Anniversary Package),118000,Clean,,,
255,7865495878,1000.0,0.0200958251953125,0.06536865234375,0.82177734375,0.03814697265625,0.252685546875,0.0753173828125,0.0933837890625,0.37060546875,0.419921875,0.26611328125,0.1639404296875,2005,Toyota,Camry,,,branded/salvage,,,
256,7865477723,15300.0,0.475830078125,0.17724609375,0.4091796875,0.052886962890625,0.654296875,0.1822509765625,0.110595703125,0.28125,0.22021484375,0.6318359375,0.28564453125,2016,Camry,,,112000,Clean,,,
257,7865469350,4300.0,0.2181396484375,0.12744140625,0.88330078125,0.05780029296875,0.2646484375,0.3330078125,0.15380859375,0.1446533203125,0.197998046875,0.52783203125,0.708984375,2004,Toyota,Camry,LE Sedan 4D,142700,clean,Automatic,4,2.4
258,7865441105,6000.0,0.7421875,0.5439453125,0.86767578125,0.0843505859375,0.50634765625,0.472900390625,0.72900390625,0.27099609375,0.61279296875,0.70751953125,0.78466796875,2010,Toyota,Camry LE 4D,LE,171400,clean,,4,2.5
259,7865381814,1950.0,0.385009765625,0.1982421875,0.9033203125,0.035247802734375,0.06903076171875,0.32568359375,0.1636962890625,0.12286376953125,0.302734375,0.468994140625,0.1925048828125,Not Available,Not Available,Not Available,,300000,clean,Automatic,,
260,7865268820,1200.0,0.0587158203125,0.1837158203125,0.6943359375,0.12237548828125,0.296630859375,0.133544921875,0.1536865234375,0.1536865234375,0.71728515625,0.4453125,0.2274169921875,,,,,,,Manual,,
261,7865228521,6900.0,0.29541015625,0.24365234375,0.93994140625,0.06494140625,0.327880859375,0.31884765625,0.372802734375,0.044281005859375,0.1671142578125,0.62255859375,0.72314453125,2009,Toyota,Camry LE,LE,176000,Clean,,,
262,7865145188,12500.0,0.380615234375,0.0955810546875,0.517578125,0.032196044921875,0.66357421875,0.231689453125,0.34619140625,0.3330078125,0.458984375,0.57568359375,0.155029296875,2013,Toyota,Camry SE Sedan,SE,115000,clean,Automatic,,
263,7865124961,5900.0,0.59228515625,0.157470703125,0.951171875,0.07916259765625,0.28759765625,0.07861328125,0.054046630859375,0.12347412109375,0.19677734375,0.7490234375,0.314208984375,not available,Toyota,Camry,,158000,clean,automatic,4,
264,7865091074,6500.0,0.65234375,0.3525390625,0.8056640625,0.048095703125,0.52734375,0.280029296875,0.673828125,0.325439453125,0.446044921875,0.5234375,0.298828125,2014,TOYOTA,CAMRY HYBRID LE,LE,170200,Rebuilt salvage,,4,
265,7865069289,17500.0,0.55322265625,0.1282958984375,0.90087890625,0.219970703125,0.64990234375,0.17041015625,0.64111328125,0.110595703125,0.63818359375,0.68115234375,0.360107421875,2020,Toyota,Camry Hybrid,,0,branded/salvage,,,
266,7865027471,5599.0,0.73193359375,0.2186279296875,0.90234375,0.1661376953125,0.77001953125,0.5966796875,0.1624755859375,0.35107421875,0.345458984375,0.54150390625,0.8037109375,2007,Toyota,Camry,LE Sedan 4D,161470,clean,Automatic,4,2.4
267,7865008903,10500.0,0.7841796875,0.25927734375,0.314453125,0.09063720703125,0.68212890625,0.481201171875,0.477294921875,0.051910400390625,0.1258544921875,0.7421875,0.272705078125,2012,Toyota,Camry,,156000,clean,,,
268,7865002874,3750.0,0.46826171875,0.2294921875,0.95263671875,0.04962158203125,0.32421875,0.2442626953125,0.1751708984375,0.2476806640625,0.3681640625,0.7109375,0.552734375,2006,Toyota,Camry Le,Le,225000,Clean,Automatic,4,
269,7864988694,12500.0,0.498291015625,0.11846923828125,0.923828125,0.08892822265625,0.5830078125,0.255126953125,0.296875,0.04620361328125,0.1510009765625,0.65380859375,0.313720703125,2007,TOYOTA,CAMRY,,49000,clean,,6,
270,7864833749,1900.0,0.271240234375,0.214599609375,0.75341796875,0.03753662109375,0.4404296875,0.11883544921875,0.0849609375,0.19140625,0.341064453125,0.303466796875,0.354736328125,,Japan (made),,,,Branded/ Salvage,,,
271,7864783716,3500.0,0.13720703125,0.1922607421875,0.8642578125,0.030426025390625,0.6806640625,0.07171630859375,0.094970703125,0.154296875,0.36376953125,0.28369140625,0.5087890625,2007,Toyota,Camry XLE,XLE,279967,,,,
272,7864755293,6299.0,0.278564453125,0.1678466796875,0.93505859375,0.04693603515625,0.43994140625,0.46142578125,0.5341796875,0.352294921875,0.41650390625,0.55859375,0.701171875,,,,,,clean,,,
273,7864672221,3500.0,0.434814453125,0.716796875,0.919921875,0.0697021484375,0.470947265625,0.6728515625,0.71875,0.1663818359375,0.5625,0.59130859375,0.415283203125,2007,Toyota,Camry XLE,XLE,215000,Clean Title,,,
274,7864545103,9200.0,0.77734375,0.1591796875,0.6806640625,0.052093505859375,0.51904296875,0.26953125,0.176025390625,0.321533203125,0.4189453125,0.7958984375,0.78564453125,2015,Toyota,Camry HYBRID,,168000,CLEN,,,
275,7864520086,2500.0,0.80615234375,0.2353515625,0.91796875,0.0760498046875,0.30322265625,0.35693359375,0.10882568359375,0.25732421875,0.2783203125,0.5439453125,0.65234375,Not available,Not available,Not available,Not available,135000,Branded/ Salvage,Not available,Not available,Not available
276,7864517435,975.0,0.0166778564453125,0.00893402099609375,0.65625,0.02294921875,0.439697265625,0.1534423828125,0.19091796875,0.02520751953125,0.1300048828125,0.42626953125,0.186279296875,1999,Toyota,Camry,,0,Branded/Salvage,,,
277,7864463940,28000.0,0.40966796875,0.328125,0.8134765625,0.22412109375,0.51806640625,0.62841796875,0.263916015625,0.29931640625,0.560546875,0.6015625,0.755859375,2022,Toyota,Camry Hybrid LE,LE,31000,clean,Automatic,,
278,7864288093,500.0,0.4052734375,0.180908203125,0.8408203125,0.045501708984375,0.1986083984375,0.1444091796875,0.058349609375,0.1453857421875,0.307373046875,0.52001953125,0.428955078125,2001,Toyota,Camry,,254000,clean,Manual,,
279,7864193430,3900.0,0.4326171875,0.205322265625,0.837890625,0.147216796875,0.43310546875,0.2100830078125,0.398681640625,0.0533447265625,0.2166748046875,0.57568359375,0.7919921875,2009,Toyota,Camry Hybrid,,153486,Clean Title,,,
280,7864056558,6000.0,0.54443359375,0.270263671875,0.900390625,0.0958251953125,0.27587890625,0.52490234375,0.60107421875,0.05743408203125,0.405029296875,0.6669921875,0.52294921875,1999,Toyota,Camry,XLE,60000,clean,,6,
281,7863897838,2400.0,0.428955078125,0.3330078125,0.441162109375,0.080322265625,0.455810546875,0.07952880859375,0.10052490234375,0.429931640625,0.498291015625,0.2427978515625,0.70556640625,2007,Toyota,Camry Hybrid,Silver,170300,clean,,,
282,7863864638,6500.0,0.50537109375,0.50390625,0.67138671875,0.09063720703125,0.7626953125,0.56787109375,0.1177978515625,0.2274169921875,0.44287109375,0.8232421875,0.69140625,,,,,154000,branded/salvage,,4,
283,7863752874,14000.0,0.654296875,0.1837158203125,0.8974609375,0.2213134765625,0.74169921875,0.1943359375,0.1573486328125,0.38232421875,0.54052734375,0.66015625,0.7705078125,2015,Toyota,Camry SE,SE,32000,clean,Automatic,,
284,7863607580,8500.0,0.7880859375,0.39013671875,0.78369140625,0.11639404296875,0.68798828125,0.67578125,0.33203125,0.86767578125,0.55322265625,0.62646484375,0.67333984375,2010,Toyota,Camry LE,LE,100636,,,,
285,7863556836,3500.0,0.15625,0.4248046875,0.96533203125,0.10736083984375,0.471923828125,0.32470703125,0.72314453125,0.0284423828125,0.42236328125,0.67138671875,0.2734375,2026,Toyota,Camry,,174000,clean,,6,
286,7863545122,5900.0,0.419189453125,0.16845703125,0.81201171875,0.0352783203125,0.61279296875,0.306884765625,0.334716796875,0.10284423828125,0.31982421875,0.60888671875,0.205078125,,Toyota,Camry LE,,136000,Clean,,4,2.4
287,7863532131,4800.0,0.461181640625,0.60498046875,0.9462890625,0.1514892578125,0.353271484375,0.184326171875,0.16259765625,0.384765625,0.136962890625,0.7939453125,0.58935546875,Not available,Camry,Not available,,Not available,Clean,Automatic,4,
288,7863456357,4500.0,0.79345703125,0.2293701171875,0.86572265625,0.1484375,0.6630859375,0.3203125,0.433837890625,0.62158203125,0.451171875,0.73779296875,0.77685546875,2010,Toyota,Camry,,184000,clean,Automatic,4,
289,7863434112,5900.0,0.4853515625,0.25390625,0.8818359375,0.0701904296875,0.77734375,0.435302734375,0.29443359375,0.37353515625,0.389892578125,0.63427734375,0.7763671875,2007,Toyota,Camry,4 Cylinders E 2.4L FI DOHC 144 CID,100,,,4,2.4
290,7863312492,9890.0,0.34130859375,0.197509765625,0.5185546875,0.187744140625,0.578125,0.37841796875,0.0733642578125,0.0572509765625,0.48681640625,0.81787109375,0.174072265625,2012,Toyota,Camry,,119500,clean,,,
291,7863297668,7950.0,0.45068359375,0.4287109375,0.94580078125,0.0654296875,0.202880859375,0.52587890625,0.2059326171875,0.0244903564453125,0.2091064453125,0.7412109375,0.7509765625,Not available,Toyota,Bulletproof 4-cylinder engine with legendary Toyota reliability.,Not available,104000,"Clean Carfax, California owner, no accidents",Automatic,4,
292,7863253118,4900.0,0.53515625,0.160400390625,0.93017578125,0.123779296875,0.52099609375,0.359375,0.2861328125,0.412353515625,0.269287109375,0.646484375,0.384765625,2007,Toyota,Camry XLE- ,XLE- ,159989,Clean Title,,4,2.4
293,7863141690,6900.0,0.75439453125,0.3134765625,0.75244140625,0.1151123046875,0.7724609375,0.2357177734375,0.1865234375,0.322998046875,0.236328125,0.73974609375,0.5009765625,2014,Toyota,Camry,SE,179000,Clean,Automatic,4,
294,7862413445,2500.0,0.459228515625,0.2197265625,0.6328125,0.320556640625,0.3037109375,0.381591796875,0.33154296875,0.11181640625,0.1724853515625,0.56640625,0.442138671875,,Toyota,Camry,V6,,clean,,,
295,7862241963,1600.0,0.5498046875,0.16455078125,0.95263671875,0.03778076171875,0.26708984375,0.2236328125,0.29736328125,0.1524658203125,0.315673828125,0.4892578125,0.276123046875,1997,Toyota,Camry,,,clean,,,
296,7862095946,4000.0,0.260009765625,0.039794921875,0.80224609375,0.011627197265625,0.7998046875,0.307861328125,0.164306640625,0.0249481201171875,0.21826171875,0.505859375,0.268310546875,1993,,,,139000,branded/salvage,Automatic,,
297,7862069985,17500.0,0.60498046875,0.08404541015625,0.39013671875,0.09893798828125,0.54541015625,0.41650390625,0.53076171875,0.298583984375,0.392578125,0.49365234375,0.208984375,2018,Toyota,Camry,,100000,clean,,,
298,7862068102,1500.0,0.458740234375,0.06768798828125,0.9130859375,0.11712646484375,0.1583251953125,0.32177734375,0.46826171875,0.0360107421875,0.56103515625,0.67919921875,0.7705078125,2001,Toyota,Camry CE,,,clean,,4,
299,7861952215,7995.0,0.71484375,0.63720703125,0.93359375,0.059814453125,0.66162109375,0.45751953125,0.3984375,0.226318359375,0.434326171875,0.6337890625,0.27685546875,Unknown,,,,172798,clean,Automatic,6,
300,7861881179,1900.0,0.138671875,0.2802734375,0.814453125,0.0682373046875,0.68017578125,0.39697265625,0.20068359375,0.01422119140625,0.1602783203125,0.6650390625,0.1708984375,,A&B,,,210000,clean,,,
301,7861790139,1600.0,0.345458984375,0.383544921875,0.90478515625,0.0889892578125,0.27587890625,0.360107421875,0.12066650390625,0.021881103515625,0.521484375,0.75341796875,0.5126953125,,,,,0,clean,Automatic,0,0.0
302,7861622564,4200.0,0.35205078125,0.09130859375,0.8779296875,0.024200439453125,0.34130859375,0.28662109375,0.236083984375,0.51171875,0.421875,0.58056640625,0.2083740234375,,,,,,clean,,,
303,7861567809,27200.0,0.5546875,0.55517578125,0.52880859375,0.303466796875,0.72216796875,0.29443359375,0.2359619140625,0.5888671875,0.47802734375,0.62255859375,0.79638671875,Not available,Toyota,Camry,XSE Platinum,38257,clean,Automatic,6,Not available
304,7861541345,1100.0,0.025177001953125,0.060394287109375,0.84619140625,0.07061767578125,0.034942626953125,0.07611083984375,0.06927490234375,0.01242828369140625,0.0631103515625,0.60986328125,0.3056640625,,Camry,,,,clean,,,
305,7861395713,1400.0,0.34912109375,0.1881103515625,0.76123046875,0.0726318359375,0.11773681640625,0.251220703125,0.147705078125,0.07781982421875,0.390869140625,0.61962890625,0.1754150390625,1997,Toyota,Camry,,,clean,Automatic,,
306,7861292606,3250.0,0.10516357421875,0.4306640625,0.646484375,0.038818359375,0.355712890625,0.241943359375,0.1859130859375,0.287353515625,0.25537109375,0.26171875,0.279052734375,,,,,255000,clean,,,
307,7861161216,3600.0,0.4404296875,0.104248046875,0.94580078125,0.037078857421875,0.7705078125,0.32763671875,0.30810546875,0.33154296875,0.338623046875,0.8173828125,0.22900390625,,,,,202000,branded/salvage,,,
308,7861006970,3000.0,0.63330078125,0.29052734375,0.71435546875,0.038055419921875,0.416748046875,0.436279296875,0.2242431640625,0.1734619140625,0.40625,0.4501953125,0.498046875,2003,Toyota,Camry,,205259,clean,Automatic,6,
309,7860961673,4500.0,0.54052734375,0.0985107421875,0.9306640625,0.0245208740234375,0.275146484375,0.2261962890625,0.2125244140625,0.457275390625,0.333740234375,0.62451171875,0.57275390625,2008,Toyota,Camry Hybrid,,296000,Clean Title,,,
310,7860772430,5800.0,0.4873046875,0.34326171875,0.9345703125,0.04815673828125,0.271484375,0.254150390625,0.1666259765625,0.241943359375,0.356689453125,0.65869140625,0.6328125,2009,Toyota,Camry LE,LE,158000,clean,,,
311,7860752459,8500.0,0.337646484375,0.2130126953125,0.7802734375,0.047515869140625,0.58935546875,0.31201171875,0.2783203125,0.1124267578125,0.2039794921875,0.5244140625,0.72412109375,2013,Toyota,Camry,,,,,,
312,7860513875,19000.0,0.5546875,0.175048828125,0.619140625,0.2078857421875,0.65576171875,0.395751953125,0.146240234375,0.214599609375,0.423095703125,0.60595703125,0.269287109375,,,,,,,,,
313,7860389062,2295.0,0.72216796875,0.391845703125,0.94384765625,0.091064453125,0.314208984375,0.08648681640625,0.04095458984375,0.01496124267578125,0.056549072265625,0.7109375,0.40966796875,,Toyota,Camry,,150000,clean,,,
314,7865741367,6700.0,0.58984375,0.168701171875,0.68017578125,0.12359619140625,0.90576171875,0.43310546875,0.2437744140625,0.239013671875,0.58203125,0.6220703125,0.476806640625,2011,Toyota,Prius,,,Clean,,,
315,7865728660,23500.0,0.76611328125,0.442138671875,0.70166015625,0.1348876953125,0.93408203125,0.372802734375,0.17138671875,0.3876953125,0.5830078125,0.7958984375,0.74169921875,2023,Toyota,Corolla LE Sedan Hybrid,LE,,clean,,,
316,7860068608,3500.0,0.386962890625,0.248291015625,0.93017578125,0.027008056640625,0.599609375,0.281494140625,0.62744140625,0.198974609375,0.322509765625,0.47705078125,0.313232421875,2004,Toyota,Camry XLE,XLE,214350,,,,
317,7865234869,12800.0,0.441650390625,0.2396240234375,0.6162109375,0.0679931640625,0.83447265625,0.2222900390625,0.362060546875,0.329345703125,0.31396484375,0.51171875,0.76318359375,2012,Toyota,Camry,,92613,Clean Title,Automatic,5,2.5
318,7865053396,6800.0,0.1475830078125,0.87060546875,0.60107421875,0.1986083984375,0.18896484375,0.34130859375,0.30126953125,0.10028076171875,0.525390625,0.3095703125,0.248779296875,2006,TOYOTA,CAMRY SOLARA,SLE,91000,branded/ salvage,AT,,
319,7859791590,3975.0,0.2783203125,0.336669921875,0.65478515625,0.1328125,0.6005859375,0.41650390625,0.4873046875,0.18212890625,0.380126953125,0.61474609375,0.1561279296875,Not available,,,,26,Clean,Automatic,Not available,Not available
320,7859787484,2200.0,0.280029296875,0.169921875,0.9365234375,0.055328369140625,0.3486328125,0.168212890625,0.1416015625,0.07257080078125,0.2342529296875,0.734375,0.247314453125,2001,Toyota,Camry LE,,206,clean,Manual,,
321,7864913401,4250.0,0.4521484375,0.27587890625,0.7333984375,0.0288238525390625,0.56396484375,0.31982421875,0.2303466796875,0.149169921875,0.55419921875,0.71826171875,0.4345703125,2006,Toyota,Corolla LE,LE,201000,Clean Title,Automatic,4,1.8
322,7864905870,4500.0,0.198486328125,0.262451171875,0.947265625,0.0240325927734375,0.345947265625,0.41357421875,0.22412109375,0.07330322265625,0.300537109375,0.6640625,0.391357421875,2004,Toyota,Corolla Ce,,130000,California Clean Title,5Spd Manual Shifts Smooth,4,1.8
323,7864905195,3950.0,0.52783203125,0.365234375,0.724609375,0.0718994140625,0.413330078125,0.3193359375,0.1683349609375,0.0987548828125,0.697265625,0.630859375,0.5654296875,2007,Toyota,Scion Tc Coupe,,130000,Clean,Automatic,4,2.4
324,7864874967,4750.0,0.47314453125,0.0531005859375,0.43310546875,0.035003662109375,0.86083984375,0.2288818359375,0.330810546875,0.1458740234375,0.48583984375,0.67529296875,0.420654296875,2006,Toyota,Corolla Matrix Hatchback,,175000,Clean California title,Automatic,4,1.8
325,7864873613,4250.0,0.9794921875,0.6005859375,0.6259765625,0.050933837890625,0.406005859375,0.4111328125,0.2342529296875,0.5869140625,0.411376953125,0.6865234375,0.337646484375,2005,Toyota,Tundra SR5 Double Cab,,290000,California Clean Title,Automatic,8,4.7
326,7864868994,4750.0,0.9560546875,0.51904296875,0.054046630859375,0.055938720703125,0.055389404296875,0.09796142578125,0.07867431640625,0.0784912109375,0.7109375,0.5791015625,0.328125,2000,Toyota,Tundra,SR5,212000,Clean,Automatic,8,4.7
327,7864817037,8700.0,0.82470703125,0.1956787109375,0.6513671875,0.09259033203125,0.83154296875,0.2685546875,0.318115234375,0.1629638671875,0.20751953125,0.634765625,0.771484375,2009,Toyota,Venza Wagon 4D,,167000,Clean Title,Automatic,4,2.7
328,7864285833,2699.0,0.67236328125,0.955078125,0.9033203125,0.1307373046875,0.5,0.361572265625,0.28173828125,0.1763916015625,0.64306640625,0.857421875,0.798828125,2001,Toyota,Solara,SLE Convertible 2D,203354,clean,Automatic,6,3.0
329,7859251792,2500.0,0.46240234375,0.219482421875,0.63525390625,0.31787109375,0.3037109375,0.381591796875,0.33154296875,0.438720703125,0.17431640625,0.56298828125,0.57958984375,,Toyota,Camry V6,,,clean,Automatic,6,
330,7863706090,3600.0,0.38330078125,0.257080078125,0.83447265625,0.1910400390625,0.50830078125,0.1524658203125,0.07666015625,0.1153564453125,0.1705322265625,0.623046875,0.3583984375,,,,,,clean,,,
331,7863701354,1000.0,0.046051025390625,0.061981201171875,0.806640625,0.02972412109375,0.6162109375,0.2587890625,0.1834716796875,0.0199127197265625,0.1219482421875,0.64013671875,0.2174072265625,2000,Camry,XLE V6,XLE V6,,,,6,
332,7859041738,3000.0,0.006710052490234375,0.11529541015625,0.763671875,0.06365966796875,0.40234375,0.50732421875,0.1956787109375,0.026397705078125,0.331787109375,0.1890869140625,0.053314208984375,,Toyota,Camry,,,,,,
333,7859020909,3650.0,0.2298583984375,0.4287109375,0.78662109375,0.06390380859375,0.57080078125,0.33056640625,0.58251953125,0.625,0.207763671875,0.6611328125,0.399169921875,2007,Toyota,Camry,,229000,clean,Automatic,4,
334,7863477027,5500.0,0.40380859375,0.48046875,0.491455078125,0.241455078125,0.324951171875,0.189453125,0.454345703125,0.044281005859375,0.048828125,0.8251953125,0.56689453125,1984,Toyota,Celica GT,,122000,CLEAN TITLE,Automatic,4,
335,7858916499,2500.0,0.1282958984375,0.180908203125,0.88037109375,0.035064697265625,0.431396484375,0.231201171875,0.08636474609375,0.26416015625,0.28759765625,0.521484375,0.37109375,2007,Toyota,Camry,LE,306746,branded/salvage,,,
336,7858876129,1500.0,0.4755859375,0.308349609375,0.7939453125,0.06939697265625,0.5498046875,0.224365234375,0.308349609375,0.1070556640625,0.15576171875,0.59912109375,0.89599609375,Not available,,,Not available,0,Branded/ Salvage,Automatic,0,0.0
337,7863021557,11000.0,0.4814453125,0.1456298828125,0.94482421875,0.2291259765625,0.701171875,0.66552734375,0.441650390625,0.67919921875,0.285400390625,0.76904296875,0.76513671875,2010,Camry,Toyota,,200k,,New Toyota Transmission,,
338,7862873478,3500.0,0.61767578125,0.0706787109375,0.4873046875,0.09613037109375,0.6171875,0.06982421875,0.1387939453125,0.8271484375,0.55126953125,0.3544921875,0.1431884765625,2013,Toyota,Camry LE,LE,402000,Clean,Automatic,6,
339,7858499804,3900.0,0.35107421875,0.28515625,0.9169921875,0.052764892578125,0.349365234375,0.11907958984375,0.1348876953125,0.057647705078125,0.16552734375,0.70068359375,0.7822265625,2006,Toyota,Camry LE,LE,201000,Clean Title,Automatic Transmission,4,
340,7862459792,2295.0,0.361572265625,0.391845703125,0.94384765625,0.078369140625,0.32421875,0.1907958984375,0.3564453125,0.01496124267578125,0.056549072265625,0.7109375,0.40966796875,2001,Toyota,Camry,,150000,Clean,Automatic,,
341,7858341627,4000.0,0.54931640625,0.311279296875,0.65380859375,0.071044921875,0.260009765625,0.253662109375,0.12237548828125,0.290771484375,0.310546875,0.609375,0.23095703125,01,Toyota,Camry,,167000,,,,
342,7862256929,4500.0,0.32568359375,0.65478515625,0.70556640625,0.0736083984375,0.333984375,0.41259765625,0.2099609375,0.2457275390625,0.55078125,0.76416015625,0.2420654296875,2011,Toyota,Camry,,,clean,Automatic,,
343,7865743722,20500.0,0.91796875,0.5234375,0.6767578125,0.185546875,0.681640625,0.56591796875,0.33544921875,0.24365234375,0.489013671875,0.493408203125,0.7109375,2018,Mazda,CX5 Grand Touring,Grand Touring,57000,clean,Automatic,,
344,7865740967,17998.0,0.68896484375,0.70263671875,0.87255859375,0.2724609375,0.59716796875,0.4296875,0.43212890625,0.345703125,0.44287109375,0.685546875,0.59228515625,2018,Mazda,3 Grand Touring Sedan,Grand Touring,,,,,
345,7865740688,7900.0,0.98681640625,0.42578125,0.381103515625,0.125732421875,0.41796875,0.221923828125,0.33837890625,0.344482421875,0.52490234375,0.7431640625,0.54248046875,2010,VW,Touareg TDI SUV,,,clean,,4,3
346,7865729497,6900.0,0.666015625,0.417724609375,0.85205078125,0.06817626953125,0.7099609375,0.734375,0.12457275390625,0.120849609375,0.491943359375,0.81982421875,0.499755859375,2008,Mazda,3 Sedan,,104000,,Manual,,
347,7858260806,6900.0,0.421875,0.2020263671875,0.8994140625,0.043853759765625,0.3037109375,0.376953125,0.21484375,0.2244873046875,0.4013671875,0.64990234375,0.204345703125,2008,Camry,LE,LE,,Clean,,,
348,7858204244,2100.0,0.517578125,0.164794921875,0.767578125,0.08221435546875,0.30078125,0.353759765625,0.2369384765625,0.52734375,0.269287109375,0.68701171875,0.78076171875,2009,Toyota,Camry LE Sedan,LE Sedan,,clean,,,
349,7858198835,31999.0,0.374267578125,0.10894775390625,0.70458984375,0.0869140625,0.76806640625,0.175537109375,0.12060546875,0.47119140625,0.59130859375,0.5341796875,0.822265625,2022,Toyota,Camry Hybrid XLE,,,clean,,,
350,7865425872,18500.0,0.95703125,0.302734375,0.03070068359375,0.0252838134765625,0.03045654296875,0.03759765625,0.03302001953125,0.1842041015625,0.1842041015625,0.53564453125,0.37060546875,2019,Chevy,Silverado,,55000,clean,,,
351,7865357418,3250.0,0.99169921875,0.08123779296875,0.363525390625,0.0236053466796875,0.268310546875,0.34423828125,0.21044921875,0.2088623046875,0.28955078125,0.76025390625,0.56298828125,2002,Ford,Explorer,4WD Limited,155000,Clean,Automatic,8,
352,7864974745,5950.0,0.69873046875,0.270751953125,0.95166015625,0.05023193359375,0.337158203125,0.685546875,0.2044677734375,0.0300750732421875,0.22412109375,0.63671875,0.72900390625,2003,Volvo,V70 Wagon,,73000,California Clean Title,Automatic,5,2.5
353,7864972219,2950.0,0.92626953125,0.267578125,0.69873046875,0.10693359375,0.65673828125,0.2159423828125,0.2091064453125,0.319580078125,0.43701171875,0.71728515625,0.52880859375,2006,Volvo,XC 90,,180000,Clean,Automatic,5,2.5
354,7864971130,1950.0,0.74462890625,0.1259765625,0.54345703125,0.0452880859375,0.91064453125,0.311279296875,0.471923828125,0.1231689453125,0.392333984375,0.5234375,0.35986328125,2011,Nissan,Leaf,,66000,California Clean Title,Automatic FWD,,
355,7864954334,7000.0,0.66357421875,0.58740234375,0.7880859375,0.2091064453125,0.5283203125,0.58154296875,0.255126953125,0.286376953125,0.342529296875,0.732421875,0.8544921875,2010,Ford,Fusion SEL,SEL,,,6-speed automatic,6,
356,7864906902,4500.0,0.98291015625,0.1114501953125,0.322021484375,0.06390380859375,0.61181640625,0.410400390625,0.3544921875,0.1427001953125,0.41943359375,0.6494140625,0.4921875,2007,Chevy,Tahoe LS,LS,149000,Clean,Automatic,,
357,7864904980,4750.0,0.671875,0.2646484375,0.94873046875,0.1123046875,0.1075439453125,0.1854248046875,0.22021484375,0.0254058837890625,0.0723876953125,0.7734375,0.261474609375,2007,Ford,Crown Victoria LX,LX,115000,Clean,Automatic,,
358,7864904785,4250.0,0.51708984375,0.107421875,0.490966796875,0.075927734375,0.6875,0.3115234375,0.39306640625,0.1776123046875,0.6083984375,0.525390625,0.42919921875,2008,Nissan,Altima Coupe S,S,174000,California Clean Title,6 Spd Manual,4,
359,7864876044,4950.0,0.57275390625,0.1624755859375,0.880859375,0.042724609375,0.55615234375,0.2144775390625,0.337158203125,0.12359619140625,0.466796875,0.7490234375,0.3466796875,2010,Volvo,V50 Wagon,,140000,California Clean Title,Automatic,5,2.4
360,7864874222,3950.0,0.87548828125,0.1585693359375,0.430908203125,0.0292510986328125,0.50927734375,0.33935546875,0.28857421875,0.263916015625,0.32421875,0.56640625,0.40283203125,2001,Subaru,Forester L,L,137000,California Clean Title,Automatic,4,2.5
361,7864873277,2750.0,0.50146484375,0.157958984375,0.7822265625,0.025604248046875,0.646484375,0.474853515625,0.29248046875,0.055206298828125,0.5361328125,0.67626953125,0.4013671875,2007,Ford,Focus ZX4 SE,ZX4 SE,155000,clean,Automatic,2,
362,7864872236,2750.0,0.99462890625,0.0567626953125,0.486083984375,0.01503753662109375,0.25830078125,0.260498046875,0.283203125,0.0361328125,0.1595458984375,0.71484375,0.398193359375,2002,Ford,Explorer XLT,XLT,205000,California Clean Title,Automatic,6,4.0
363,7864871186,9995.0,0.72900390625,0.489990234375,0.9326171875,0.39892578125,0.267333984375,0.5390625,0.285888671875,0.2388916015625,0.3623046875,0.59765625,0.63623046875,2016,Jaguar,XF,35T Supercharged,114000,Clean,Automatic,6,
364,7864869317,8950.0,0.36767578125,0.84228515625,0.52587890625,0.76904296875,0.367431640625,0.270263671875,0.4970703125,0.11767578125,0.7998046875,0.78125,0.32421875,2005,Lexus,Sc430 Convertible,Pebble Beach Edition / Full Badges,170000,Clean,Automatic,8,4.3
365,7864867698,1495.0,0.073974609375,0.031463623046875,0.38330078125,0.02691650390625,0.8388671875,0.2265625,0.294921875,0.045318603515625,0.324462890625,0.365234375,0.359619140625,2008,Kia,Rio,,144000,Clean,Manual,,
366,7864867540,4250.0,0.3056640625,0.420166015625,0.896484375,0.08056640625,0.310791015625,0.27978515625,0.28955078125,0.240478515625,0.5615234375,0.71630859375,0.234375,2007,Lexus,Is350,,205000,clean,Automatic,6,
367,7864866767,2450.0,0.9921875,0.330078125,0.36474609375,0.03411865234375,0.385986328125,0.303466796875,0.262939453125,0.10321044921875,0.3134765625,0.65966796875,0.403076171875,2002,Ford,Explorer,XLT,225000,Clean,Automatic,6,4
368,7864866240,4950.0,0.97900390625,0.366943359375,0.335205078125,0.038665771484375,0.2144775390625,0.21728515625,0.174560546875,0.0347900390625,0.0916748046875,0.71435546875,0.366455078125,2004,Ford,F-150,,240000,Salvage California title,Automatic,8,
369,7864865493,2450.0,0.5009765625,0.424072265625,0.90478515625,0.4326171875,0.199951171875,0.56640625,0.391357421875,0.02752685546875,0.465576171875,0.681640625,0.395263671875,1994,Infiniti,Q45,,175000,Clean California title,Automatic,8,4.5
370,7861220069,1500.0,0.2110595703125,0.159912109375,0.89501953125,0.08038330078125,0.46142578125,0.1669921875,0.061431884765625,0.0251922607421875,0.207763671875,0.78125,0.369384765625,1998,Camry,v6,,169000,,,6,
371,7861204633,1500.0,0.9365234375,0.1802978515625,0.814453125,0.400146484375,0.62646484375,0.29443359375,0.08697509765625,0.046844482421875,0.33837890625,0.63134765625,0.320068359375,,,,,,,,,
372,7861070733,5800.0,0.1533203125,0.2027587890625,0.7021484375,0.2337646484375,0.60546875,0.44921875,0.1719970703125,0.12030029296875,0.716796875,0.2958984375,0.2303466796875,2007,Toyota,Camry Solara SE,SE,172210,clean,automatic,6,
373,7863467682,3450.0,0.56591796875,0.10797119140625,0.92626953125,0.394775390625,0.387451171875,0.36083984375,0.285400390625,0.022552490234375,0.29736328125,0.7421875,0.1763916015625,2008,Audi,A4 Tubro,,165000,Clean California title,Automatic,4,
374,7863184410,13000.0,0.7236328125,0.30712890625,0.71044921875,0.206298828125,0.68115234375,0.218017578125,0.413330078125,0.066650390625,0.533203125,0.6728515625,0.666015625,2016,Mercedes,E350,,68000,Salvage,Automatic,6,3.5
375,7859995470,2500.0,0.556640625,0.61181640625,0.8564453125,0.083984375,0.33203125,0.290771484375,0.309814453125,0.0628662109375,0.1531982421875,0.6318359375,0.337890625,1999,Toyota,Solara SLE,,230000,clean,,,
376,7862641865,4600.0,0.7314453125,0.271240234375,0.9267578125,0.11322021484375,0.51171875,0.1575927734375,0.22216796875,0.172119140625,0.1240234375,0.78564453125,0.488525390625,unknown,,,,,clean,,,
377,7861700730,4250.0,0.38818359375,0.25537109375,0.35009765625,0.10015869140625,0.7783203125,0.533203125,0.400146484375,0.08148193359375,0.327392578125,0.62158203125,0.2181396484375,2014,Chevy,Sonic Lt,Lt,67000,Clean,Automatic,,
378,7861582121,2950.0,0.7080078125,0.890625,0.32275390625,0.0496826171875,0.276123046875,0.1949462890625,0.1939697265625,0.1781005859375,0.292724609375,0.79931640625,0.470703125,1999,DODGE,RAM 1500,Laramie Edition,440000,Clean,Automatic,,5.2
379,7859039210,7000.0,0.330078125,0.329833984375,0.80908203125,0.046630859375,0.4091796875,0.35302734375,0.1446533203125,0.061248779296875,0.369384765625,0.374755859375,0.77197265625,,Toyota,Camry,,140000,branded/ salvage,,,
380,7858483251,9500.0,0.88037109375,0.91845703125,0.372802734375,0.218505859375,0.20849609375,0.1605224609375,0.1734619140625,0.265869140625,0.1533203125,0.56005859375,0.572265625,2003,Toyota,Tacoma,Pre-Runner,157000,Clean,,4,
381,7859869556,6500.0,0.720703125,0.057098388671875,0.5732421875,0.04705810546875,0.79638671875,0.251220703125,0.12841796875,0.318359375,0.2587890625,0.367919921875,0.7607421875,2017,Ford,Fiesta,,62000,Clean Title,Automatic Transmission,,
382,7864992381,3999.0,0.63623046875,0.1534423828125,0.77978515625,0.0166473388671875,0.4208984375,0.4716796875,0.27734375,0.0312042236328125,0.2607421875,0.63671875,0.60009765625,2005,Ford,Focus,,58000,clean,,,
383,7859432603,3998.0,0.56396484375,0.3642578125,0.9599609375,0.11517333984375,0.48046875,0.1451416015625,0.390380859375,0.12030029296875,0.345703125,0.7119140625,0.70263671875,2010,Mitsubishi,Galant,,,clean,,,
384,7858505691,8999.0,0.94091796875,0.61962890625,0.7626953125,0.32275390625,0.7685546875,0.1318359375,0.34326171875,0.1370849609375,0.471923828125,0.68505859375,0.67529296875,2009,Subaru,Outback,SPORT edition,,,,,
385,7858240175,4000.0,0.74560546875,0.2049560546875,0.84326171875,0.09588623046875,0.6416015625,0.5166015625,0.2149658203125,0.3017578125,0.48193359375,0.64697265625,0.646484375,2009,Nissan,Altima Hybrid,,131000,CLEAN,,,
386,7859654962,13.0,0.6142578125,0.053192138671875,0.5576171875,0.06353759765625,0.6220703125,0.252197265625,0.2041015625,0.062347412109375,0.2467041015625,0.67578125,0.280029296875,2016,Honda,civic EX,,44000,clean,A/T,,
387,7865737649,9500.0,0.348388671875,0.347900390625,0.703125,0.1202392578125,0.63037109375,0.330322265625,0.275146484375,0.04248046875,0.14599609375,0.6708984375,0.3232421875,2018,Honda,Civic LX,LX,160000,clean,Automatic,,
388,7865730245,7800.0,0.78271484375,0.64794921875,0.84375,0.2066650390625,0.55810546875,0.4755859375,0.5625,0.07806396484375,0.291259765625,0.78564453125,0.67431640625,2005,Honda,Civic EX Coupe 2D,EX Coupe 2D,152500,clean,Automatic,4,1.7
389,7865692315,7500.0,0.6337890625,0.2069091796875,0.93701171875,0.275390625,0.5712890625,0.1986083984375,0.160888671875,0.336181640625,0.311767578125,0.82373046875,0.82568359375,2013,Honda,Civic LX Sedan 4Door,,141000,clean,Automatic,4,1.8
390,7865688489,4600.0,0.421875,0.11553955078125,0.90234375,0.0302734375,0.64453125,0.2470703125,0.2078857421875,0.1708984375,0.44873046875,0.68310546875,0.2398681640625,2009,Honda,Civic (Hybrid),,,clean,,4,1.3
391,7865680394,5500.0,0.466064453125,0.27490234375,0.708984375,0.051055908203125,0.43505859375,0.447265625,0.1697998046875,0.06878662109375,0.261962890625,0.6572265625,0.76025390625,2001,Honda,Civic,,128000,clean,,,
392,7865662018,3799.0,0.10919189453125,0.2724609375,0.599609375,0.04583740234375,0.86181640625,0.326904296875,0.40673828125,0.23876953125,0.576171875,0.52734375,0.19091796875,2019,Ford,Focus,,38000,clean,Automatic,,
393,7865658238,1875.0,0.140380859375,0.0870361328125,0.7685546875,0.03228759765625,0.342041015625,0.189453125,0.198486328125,0.318115234375,0.2264404296875,0.7861328125,0.2471923828125,2002,Honda,Accord EX,,203000,clean,Automatic,4,
394,7865656820,7800.0,0.447998046875,0.564453125,0.73974609375,0.1383056640625,0.81103515625,0.470947265625,0.374755859375,0.334228515625,0.4619140625,0.66845703125,0.5546875,2012,HONDA,CIVIC,LX SEDAN 4D,114411,clean,AUTOMATIC,4,1.8
395,7865646099,1800.0,0.73828125,0.47265625,0.71044921875,0.10028076171875,0.370361328125,0.3447265625,0.297119140625,0.3740234375,0.47705078125,0.53466796875,0.7705078125,,Honda,Civic coupe,,,clean,,,
396,7865544159,3500.0,0.323974609375,0.68408203125,0.80419921875,0.16455078125,0.7021484375,0.391845703125,0.611328125,0.2208251953125,0.537109375,0.56787109375,0.74072265625,2001,Honda,Civic V-TEC,,237000,,,,
397,7865522450,13000.0,0.6416015625,0.2376708984375,0.486572265625,0.160888671875,0.83056640625,0.1907958984375,0.35107421875,0.3515625,0.419921875,0.60546875,0.313720703125,2,,,,81000,clean,Automatic,,
398,7865487211,2300.0,0.410888671875,0.254638671875,0.83984375,0.1094970703125,0.3232421875,0.310546875,0.2138671875,0.33349609375,0.4345703125,0.52001953125,0.748046875,2003,Honda,Civic,,160000,branded/salvage,automatic,4,
399,7865459923,1000.0,0.451904296875,0.73876953125,0.5908203125,0.1583251953125,0.314453125,0.18115234375,0.339111328125,0.272216796875,0.16015625,0.492431640625,0.66455078125,93,Civic,Dx,Dx,270000,clean,Manual,,
400,7865424431,5500.0,0.49365234375,0.337646484375,0.7900390625,0.060577392578125,0.428955078125,0.483642578125,0.307373046875,0.0638427734375,0.184814453125,0.71728515625,0.61474609375,1999,Honda,Civic Hatchback,,1553725,clean,Manual,,
401,7865297889,4500.0,0.499755859375,0.61083984375,0.63427734375,0.0682373046875,0.424560546875,0.395751953125,0.48291015625,0.05419921875,0.1134033203125,0.7265625,0.798828125,2026,,,,,clean,,,
402,7865274976,14000.0,0.341796875,0.402099609375,0.436767578125,0.117919921875,0.8271484375,0.52734375,0.390625,0.47509765625,0.61669921875,0.54150390625,0.52783203125,2018,Honda,Civic LX,,,,,,
403,7865258039,2795.0,0.38671875,0.1480712890625,0.71240234375,0.177490234375,0.47314453125,0.149658203125,0.11474609375,0.07867431640625,0.1961669921875,0.7451171875,0.2222900390625,2007,Honda,Civic HYBRID,,,clean,Automatic,,
404,7865216454,3000.0,0.396728515625,0.236083984375,0.55517578125,0.098876953125,0.397216796875,0.260009765625,0.60400390625,0.05401611328125,0.3720703125,0.357666015625,0.8125,2007,Honda,Civic Hybrid,,235000,Clean,Automatic,,
405,7865175193,4200.0,0.64990234375,0.1505126953125,0.84228515625,0.04144287109375,0.62646484375,0.48291015625,0.2376708984375,0.043670654296875,0.2493896484375,0.66259765625,0.3935546875,2010,Honda,Civic LX,LX,244605,Clean,Automatic,,
406,7865168633,12700.0,0.671875,0.183837890625,0.7451171875,0.1724853515625,0.6708984375,0.308349609375,0.2039794921875,0.244384765625,0.470947265625,0.7265625,0.6708984375,unknown,Honda,Civic,,112000,clean,,,
407,7865152251,7950.0,0.5263671875,0.11834716796875,0.58642578125,0.14501953125,0.63720703125,0.128662109375,0.126708984375,0.0909423828125,0.6513671875,0.671875,0.376953125,2016,Honda,Civic,,121000,clean,Manual,,
408,7865095545,2000.0,0.244873046875,0.60986328125,0.8173828125,0.058441162109375,0.459716796875,0.3427734375,0.38427734375,0.189208984375,0.261474609375,0.55029296875,0.8212890625,2005,Honda,Civic Hybrid,,208000,clean,Automatic,,1.3
409,7865088912,5700.0,0.310302734375,0.334716796875,0.80078125,0.117431640625,0.6953125,0.360107421875,0.43701171875,0.1318359375,0.407470703125,0.55615234375,0.401611328125,2005,Honda,Civic,,33,clean,,,
410,7865080776,4600.0,0.3388671875,0.10540771484375,0.57080078125,0.156005859375,0.6357421875,0.3017578125,0.09716796875,0.084716796875,0.30419921875,0.6044921875,0.278564453125,2015,Honda,Civic Coupe,,213000,Clean Title,,,
411,7865051730,24000.0,0.302734375,0.1807861328125,0.293701171875,0.0233306884765625,0.9599609375,0.144287109375,0.146484375,0.2073974609375,0.65966796875,0.51953125,0.252685546875,,Honda,Civic Sport Turbo,,19400,Clean,,,
412,7864991968,2500.0,0.2408447265625,0.5810546875,0.630859375,0.2332763671875,0.27978515625,0.2587890625,0.300048828125,0.08135986328125,0.1396484375,0.79248046875,0.29248046875,1995,Honda,Civic,,,,,,
413,7864989002,6900.0,0.3447265625,0.2469482421875,0.951171875,0.040435791015625,0.3896484375,0.2666015625,0.217529296875,0.243408203125,0.419921875,0.73388671875,0.310546875,2005,Honda,Civic EX,EX,118000,clean,automatic,4,
414,7864987608,8900.0,0.480224609375,0.1630859375,0.89111328125,0.08087158203125,0.58056640625,0.46435546875,0.280029296875,0.1263427734375,0.1673583984375,0.492919921875,0.798828125,2008,Honda,Civic LX Sedan,LX,106000,Clean,Automatic,4,1.8
415,7864916076,5700.0,0.1982421875,0.2401123046875,0.80322265625,0.1456298828125,0.76904296875,0.43212890625,0.44580078125,0.043670654296875,0.515625,0.560546875,0.235595703125,not available,Honda,Civic LX,LX,not available,Clean title,Automatic,,
416,7864885985,5800.0,0.430419921875,0.49951171875,0.86962890625,0.16357421875,0.49072265625,0.5380859375,0.51171875,0.1260986328125,0.338134765625,0.82373046875,0.72265625,1991,Honda,Civic Dx hatchback,Dx,72000,clean,automatic,,
417,7864885725,19900.0,0.8271484375,0.1636962890625,0.7236328125,0.050048828125,0.67529296875,0.2357177734375,0.1046142578125,0.40478515625,0.358154296875,0.677734375,0.67333984375,2019,Honda,Civic,LX,27000,clean,,,
418,7864864957,3250.0,0.60595703125,0.254638671875,0.923828125,0.035675048828125,0.55517578125,0.35205078125,0.280517578125,0.08819580078125,0.5751953125,0.669921875,0.20556640625,2001,Honda,Civic,,170000,Clean,Manual,,
419,7864845077,3000.0,0.86669921875,0.374267578125,0.80322265625,0.16650390625,0.39013671875,0.2919921875,0.3212890625,0.52490234375,0.31787109375,0.7451171875,0.5947265625,2003,Honda,Civic EX,EX,230575,clean,Automotive,4,
420,7864831087,16995.0,0.56640625,0.16943359375,0.890625,0.1888427734375,0.67626953125,0.388427734375,0.09735107421875,0.2093505859375,0.427734375,0.8173828125,0.62890625,,,,Fully Loaded,,,Automatic,,
421,7864827059,17500.0,0.58935546875,0.451904296875,0.365234375,0.076416015625,0.76220703125,0.2484130859375,0.471435546875,0.036224365234375,0.24169921875,0.8310546875,0.57080078125,10,Honda,Civic Si,,,clean,manual,,
422,7864794064,1200.0,0.388427734375,0.07696533203125,0.77392578125,0.06683349609375,0.214111328125,0.3388671875,0.1842041015625,0.366455078125,0.349853515625,0.498779296875,0.1671142578125,,,,,0,,,0,0.0
423,7864765693,4950.0,0.30908203125,0.1268310546875,0.82080078125,0.042327880859375,0.41845703125,0.21337890625,0.09979248046875,0.09228515625,0.26953125,0.7763671875,0.282470703125,07,Honda,Civic LX,,,clean,,,
424,7864759010,8000.0,0.55126953125,0.150390625,0.87939453125,0.20166015625,0.477783203125,0.399658203125,0.6416015625,0.28466796875,0.490478515625,0.7041015625,0.3525390625,2009,Honda,Civic LX Sedan,LX,66000,Clean,Automatic,4,1.8
425,7864715620,8000.0,0.38818359375,0.08416748046875,0.8115234375,0.0290985107421875,0.74951171875,0.33251953125,0.1724853515625,0.05841064453125,0.2093505859375,0.5771484375,0.229736328125,,,,,,clean,,,
426,7864580610,2500.0,0.5927734375,0.1942138671875,0.76220703125,0.04791259765625,0.446533203125,0.033660888671875,0.097412109375,0.1890869140625,0.256591796875,0.47607421875,0.484375,2004,Honda,Civic,,200600,clean,Automatic,4,
427,7864571210,7200.0,0.62451171875,0.3642578125,0.6806640625,0.1551513671875,0.68603515625,0.392578125,0.4228515625,0.0650634765625,0.379150390625,0.56005859375,0.7451171875,2012,Honda,Civic LX,LX,93115,clean,Automatic,4,1.8
428,7864537661,12750.0,0.71240234375,0.2744140625,0.66552734375,0.1539306640625,0.8544921875,0.448486328125,0.2232666015625,0.337646484375,0.59326171875,0.50439453125,0.4833984375,not available,not available,not available,,94000,clean,Automatic,4,1.5
429,7864492275,10200.0,0.36767578125,0.198486328125,0.68603515625,0.06591796875,0.72802734375,0.47900390625,0.61962890625,0.29931640625,0.38525390625,0.5576171875,0.59912109375,2006,Honda,Civic LX,,,,,,
430,7864444746,8950.0,0.219482421875,0.1763916015625,0.4619140625,0.060943603515625,0.8134765625,0.416748046875,0.6865234375,0.1884765625,0.37255859375,0.50830078125,0.3037109375,2014,Honda,Insight,LX Hybrid,125412,clean,Automatic,4,1.3
431,7864309085,2900.0,0.5126953125,0.300048828125,0.78515625,0.08099365234375,0.69580078125,0.267333984375,0.2364501953125,0.03515625,0.78271484375,0.59521484375,0.85107421875,2009,Honda,Civic LX-S,,197226,clean,Manual,,
432,7864297592,7000.0,0.322265625,0.1063232421875,0.58056640625,0.143310546875,0.4638671875,0.427490234375,0.2890625,0.10614013671875,0.427734375,0.58740234375,0.7900390625,,,,,,branded/ salvage,,,
433,7864291019,12000.0,0.488037109375,0.34619140625,0.40966796875,0.14013671875,0.8251953125,0.50048828125,0.34619140625,0.1197509765625,0.4775390625,0.467041015625,0.4130859375,not available,not available,not available,not available,36500,branded/salvage,not available,not available,not available
434,7864265358,5500.0,0.488525390625,0.07958984375,0.45068359375,0.0301971435546875,0.34033203125,0.0302886962890625,0.044769287109375,0.55078125,0.1732177734375,0.409912109375,0.55126953125,2012,Honda,Civic LX,LX,150000,clean,not available,not available,not available
435,7864214625,2800.0,0.40283203125,0.23876953125,0.77099609375,0.051025390625,0.7578125,0.83837890625,0.254150390625,0.1378173828125,0.56884765625,0.69873046875,0.22216796875,2006,Honda,Civic,,270000,clean,automatic,4,
436,7864146477,2500.0,0.7509765625,0.1436767578125,0.541015625,0.030303955078125,0.65478515625,0.449462890625,0.23681640625,0.05633544921875,0.5869140625,0.49951171875,0.55126953125,2010,Honda,civic,,,,Manual,,
437,7864056159,16500.0,0.51708984375,0.2061767578125,0.65966796875,0.1043701171875,0.94482421875,0.233154296875,0.1297607421875,0.051605224609375,0.260986328125,0.5400390625,0.7998046875,2020,Honda,Civic EX,,30000,branded/salvage,,,
438,7864035135,26500.0,0.331787109375,0.1612548828125,0.83349609375,0.0574951171875,0.62744140625,0.18505859375,0.3916015625,0.036865234375,0.56201171875,0.61181640625,0.76416015625,2023,Honda,Civic EX-L Hatchback,EX-L,9450,Clean Title,,4,1.5
439,7863966126,4800.0,0.463134765625,0.384521484375,0.79931640625,0.30126953125,0.62890625,0.72412109375,0.20068359375,0.37158203125,0.288330078125,0.68408203125,0.6123046875,2004,Honda,Civic,,134600,clean,automatic,,
440,7863777047,6800.0,0.75146484375,0.050445556640625,0.81884765625,0.081787109375,0.70166015625,0.4306640625,0.1729736328125,0.1259765625,0.459716796875,0.5810546875,0.34033203125,2009,Honda,Civic,,,clean,Manual,,
441,7863774589,5900.0,0.658203125,0.1795654296875,0.70654296875,0.25537109375,0.78515625,0.087890625,0.102783203125,0.358642578125,0.4052734375,0.77001953125,0.78369140625,2006,Honda,Civic SI Coupe,,173400,Clean Title in hand,Manual,,
442,7863766109,12000.0,0.5107421875,0.07470703125,0.71826171875,0.07452392578125,0.697265625,0.10052490234375,0.07855224609375,0.390869140625,0.345458984375,0.50439453125,0.8251953125,,,,EXL,,,,,
443,7863765144,1500.0,0.4169921875,0.19384765625,0.73974609375,0.030303955078125,0.61328125,0.193603515625,0.18701171875,0.411376953125,0.295166015625,0.6533203125,0.279541015625,2004,Honda,Civic,,,clean,Automatic,,
444,7863755146,4749.0,0.380126953125,0.1995849609375,0.71728515625,0.05810546875,0.4267578125,0.387451171875,0.4228515625,0.09698486328125,0.2454833984375,0.65966796875,0.353271484375,,,,,97000,clean,,,
445,7863736627,4200.0,0.44921875,0.238525390625,0.8720703125,0.1446533203125,0.46044921875,0.28125,0.55224609375,0.48974609375,0.40283203125,0.7099609375,0.334228515625,2009,Honda,civic,,,branded/salvage,,,
446,7863723710,3999.0,0.0517578125,0.1279296875,0.8125,0.027679443359375,0.5478515625,0.1068115234375,0.119140625,0.074462890625,0.3388671875,0.41064453125,0.46630859375,2000,Honda,Civic,,,clean,,,
447,7863660696,4200.0,0.368408203125,0.21533203125,0.517578125,0.083984375,0.42236328125,0.10040283203125,0.654296875,0.1328125,0.309814453125,0.77685546875,0.42041015625,,,,,,,,,
448,7863534769,16800.0,0.65625,0.365478515625,0.69921875,0.11419677734375,0.7822265625,0.373046875,0.67236328125,0.2039794921875,0.5576171875,0.52294921875,0.67578125,2018,Honda,Civic LX,,46000,clean,,,2.0
449,7863482001,1400.0,0.432373046875,0.54931640625,0.82568359375,0.0249481201171875,0.552734375,0.3251953125,0.2509765625,0.066650390625,0.27197265625,0.64404296875,0.342529296875,2004,Honda,Civic ex,,177800,branded/salvage,,,
450,7863480636,600.0,0.1949462890625,0.10113525390625,0.482177734375,0.0860595703125,0.68310546875,0.347900390625,0.32177734375,0.276611328125,0.2457275390625,0.443115234375,0.1998291015625,2000,Civic,LX,,,branded/salvage,Manual,,
451,7863267320,18500.0,0.442138671875,0.84326171875,0.68896484375,0.4541015625,0.69921875,0.60693359375,0.2435302734375,0.232666015625,0.3896484375,0.8095703125,0.6611328125,1991,Civic,Si,EF,132727,Clean,Manual,4,1.6
452,7863131635,5550.0,0.31982421875,0.6240234375,0.83154296875,0.06475830078125,0.419921875,0.56591796875,0.1734619140625,0.1280517578125,0.39404296875,0.7763671875,0.32373046875,2009,Honda,Civic EX,EX,150300,Clean Title,Automatic,4,1.8
453,7863103012,1.0,0.19677734375,0.183837890625,0.279052734375,0.331787109375,0.1693115234375,0.0100860595703125,0.022735595703125,0.0276031494140625,0.03375244140625,0.470947265625,0.7890625,99-02,Honda Accord,Accord,,,,4spd Automatic,6,3.0
454,7863101801,1750.0,0.4814453125,0.1376953125,0.69091796875,0.0889892578125,0.40478515625,0.39794921875,0.1275634765625,0.35107421875,0.33203125,0.493896484375,0.740234375,unavailable,Honda,Civic,unavailable,260000,clean,Automatic,4,1.6
455,7863026308,1500.0,0.07366943359375,0.03704833984375,0.916015625,0.02874755859375,0.1685791015625,0.1806640625,0.1407470703125,0.0215606689453125,0.6103515625,0.388427734375,0.23193359375,2002,Honda,Civic,,25000,clean,Manual,,
456,7862821959,7000.0,0.61376953125,0.155517578125,0.66455078125,0.05987548828125,0.72021484375,0.39208984375,0.251708984375,0.1263427734375,0.348876953125,0.51318359375,0.41796875,,Honda,Civic LX Sedan (4 Door),,119760,clean,,,
457,7862790572,16000.0,0.63427734375,0.3486328125,0.630859375,0.10906982421875,0.9140625,0.3408203125,0.265380859375,0.262451171875,0.3232421875,0.6142578125,0.72705078125,2016,Honda,Civic EX,EX,83000,Clean,,,
458,7862786911,15000.0,0.04571533203125,0.0689697265625,0.65087890625,0.2158203125,0.55859375,0.314697265625,0.21630859375,0.71435546875,0.487060546875,0.1968994140625,0.15576171875,,Honda,Civic,,0,,,,
459,7862637263,8750.0,0.4169921875,0.304443359375,0.708984375,0.080810546875,0.55224609375,0.3251953125,0.466064453125,0.0755615234375,0.318115234375,0.77783203125,0.7685546875,2009,Honda,Civic,,20350,,,,
460,7862304427,8850.0,0.496826171875,0.11517333984375,0.880859375,0.05523681640625,0.395751953125,0.2197265625,0.134521484375,0.0268402099609375,0.171142578125,0.59326171875,0.262451171875,2012,Honda,Civic Lx Coupe,Lx,87000,Clean Title,Manual,4,
461,7862056787,3200.0,0.490966796875,0.279296875,0.82177734375,0.06964111328125,0.654296875,0.365478515625,0.322509765625,0.1810302734375,0.209228515625,0.73828125,0.479736328125,2006,Honda,Civic,,283375,,,,
462,7862039815,10000.0,0.056182861328125,0.0899658203125,0.8291015625,0.050933837890625,0.6845703125,0.318603515625,0.261474609375,0.324951171875,0.444580078125,0.2763671875,0.1715087890625,2013,Honda,Civic LX Sedan,,,clean,,,
463,7861945187,6500.0,0.65185546875,0.1422119140625,0.76904296875,0.435791015625,0.62646484375,0.11572265625,0.1474609375,0.578125,0.09149169921875,0.794921875,0.71875,2008,Honda,Civic,,25000,clean,Manual,,
464,7861861441,7500.0,0.25830078125,0.37158203125,0.72802734375,0.1181640625,0.60595703125,0.86474609375,0.397705078125,0.248779296875,0.51416015625,0.7509765625,0.31982421875,2014,Honda,Civic EX,EX,193710,clean,Automatic,,
465,7861782210,10500.0,0.320556640625,0.236083984375,0.876953125,0.171630859375,0.931640625,0.2005615234375,0.143310546875,0.473876953125,0.6845703125,0.68603515625,0.83544921875,available,Civic,Civic,,109000,,,,
466,7861508909,3000.0,0.62744140625,0.2763671875,0.87060546875,0.1246337890625,0.331298828125,0.287841796875,0.169677734375,0.203125,0.348388671875,0.6455078125,0.3603515625,2006,HONDA,CIVIC LX,LX,260000,CLEAN TITLE,,,
467,7861043798,7800.0,0.280029296875,0.0748291015625,0.373779296875,0.037841796875,0.78369140625,0.375244140625,0.2138671875,0.0740966796875,0.25830078125,0.68798828125,0.217529296875,2006,civic,si,,,clean,Manual,,
468,7861019424,3200.0,0.40283203125,0.23876953125,0.77099609375,0.051025390625,0.7578125,0.83837890625,0.254150390625,0.1378173828125,0.56884765625,0.69873046875,0.22216796875,2006,Honda,Civic,,270000,clean,Automatic,4,
469,7860628243,7500.0,0.57373046875,0.447265625,0.6416015625,0.155029296875,0.7607421875,0.51318359375,0.2042236328125,0.4462890625,0.5009765625,0.466064453125,0.78125,2016,Honda,Civic Coupe Turbo,,184533,branded/salvage,,,
470,7860570342,4300.0,0.6826171875,0.322021484375,0.86376953125,0.1884765625,0.275634765625,0.37939453125,0.40283203125,0.10943603515625,0.296142578125,0.54736328125,0.818359375,2009,Honda,Civic (Hybrid),,,branded/ salvage,,,
471,7860476097,3400.0,0.40283203125,0.23876953125,0.77099609375,0.051025390625,0.7578125,0.83837890625,0.254150390625,0.1378173828125,0.56884765625,0.69873046875,0.22216796875,2006,Honda,Civic,,270000,clean,automatic,4,
472,7860190868,2000.0,0.7880859375,0.83203125,0.421875,0.043212890625,0.51025390625,0.66259765625,0.281494140625,0.1820068359375,0.07183837890625,0.75537109375,0.673828125,2003,Honda,Civic,,170000,clean,Automatic,,
473,7865728660,23500.0,0.76611328125,0.442138671875,0.70166015625,0.1348876953125,0.93408203125,0.372802734375,0.17138671875,0.3876953125,0.5830078125,0.7958984375,0.74169921875,2023,Toyota,Corolla LE Sedan Hybrid,LE,,clean,,,
474,7860053807,5290.0,0.513671875,0.425048828125,0.83935546875,0.174072265625,0.69189453125,0.5478515625,0.58935546875,0.36669921875,0.387939453125,0.6865234375,0.6220703125,2009,Honda,Civic DX,,170000,Clean Title,Automatic,4,1.8
475,7860034086,11600.0,0.33837890625,0.435302734375,0.5166015625,0.1651611328125,0.7509765625,0.6982421875,0.46142578125,0.228515625,0.475341796875,0.425537109375,0.251953125,Not available,,,,,Clean,Automatic,0,0.0
476,7865167980,8700.0,0.322998046875,0.350341796875,0.5244140625,0.0262603759765625,0.607421875,0.19140625,0.1634521484375,0.2255859375,0.296875,0.48876953125,0.2958984375,,VW,GTI,,,clean,Manual,,
477,7859843311,7500.0,0.19873046875,0.2158203125,0.4482421875,0.3603515625,0.60791015625,0.37353515625,0.176513671875,0.0885009765625,0.3193359375,0.50244140625,0.58154296875,not available,,,,not available,clean,automatic,not available,not available
478,7859695374,2800.0,0.419921875,0.1585693359375,0.78076171875,0.0308074951171875,0.63720703125,0.3603515625,0.441650390625,0.04156494140625,0.27197265625,0.6318359375,0.81005859375,2006,Honda,Civic Hybrid,,40,,,,
479,7859424357,3500.0,0.423828125,0.7890625,0.74658203125,0.1494140625,0.8369140625,0.33349609375,0.33349609375,0.1806640625,0.5654296875,0.73046875,0.61865234375,1995,Honda,Civic,EX,,clean,Automatic,,
480,7864183698,6199.0,0.7734375,0.26708984375,0.88037109375,0.1549072265625,0.50537109375,0.472900390625,0.270263671875,0.8896484375,0.465576171875,0.7880859375,0.63818359375,2021,Honda,unknown,,98128,clean,,,
481,7859308921,4500.0,0.70703125,0.56494140625,0.87548828125,0.0908203125,0.55224609375,0.75927734375,0.4296875,0.57275390625,0.58203125,0.61279296875,0.7900390625,2024,,,,128262,clean,,,
482,7863994033,5000.0,0.3916015625,0.8623046875,0.80712890625,0.333251953125,0.432373046875,0.36328125,0.19140625,0.257080078125,0.297119140625,0.8291015625,0.43603515625,1989,Honda,Civic LX Sedan,,,Salvage (FROM THEFT),,6,
483,7859207459,12495.0,0.74169921875,0.45703125,0.65673828125,0.05841064453125,0.36279296875,0.193359375,0.277099609375,0.1845703125,0.112548828125,0.411865234375,0.84521484375,2016,Civic,EXT,,125000,clean,,4,1.5
484,7859124941,5000.0,0.023193359375,0.06109619140625,0.826171875,0.076904296875,0.4375,0.079833984375,0.1217041015625,0.0904541015625,0.2166748046875,0.673828125,0.247802734375,last year,,,,,,Automatic,,
485,7863630940,8950.0,0.25048828125,0.52685546875,0.26904296875,0.09747314453125,0.8974609375,0.283203125,0.537109375,0.20263671875,0.2349853515625,0.49169921875,0.546875,Honda,si coupé premium,salvage title,,,branded/ salvage,Manual,4,
486,7859029843,5000.0,0.15478515625,0.232421875,0.53369140625,0.046722412109375,0.67578125,0.2578125,0.30615234375,0.0328369140625,0.209228515625,0.564453125,0.1668701171875,2010,Honda,Civic,,203512,,,,
487,7863446593,7800.0,0.9853515625,0.77392578125,0.20703125,0.132080078125,0.33203125,0.78759765625,0.54736328125,0.1552734375,0.469970703125,0.60693359375,0.638671875,2005,Honda,Element EX 4WD,EX 4WD,197908,Clean,Automatic,4,2.4
488,7858971077,8500.0,0.25341796875,0.69091796875,0.720703125,0.416259765625,0.489990234375,0.10687255859375,0.19091796875,0.0312042236328125,0.5205078125,0.75,0.68115234375,1997,Honda,Civic,EX,143000,Clean,Manual,4,1.6
489,7858967962,4250.0,0.689453125,0.127197265625,0.955078125,0.07427978515625,0.79150390625,0.7841796875,0.244873046875,0.363037109375,0.22314453125,0.67041015625,0.568359375,2008,Honda,Civic,,,Clean,,,
490,7858953122,10500.0,0.192138671875,0.06689453125,0.6982421875,0.0184326171875,0.71484375,0.486328125,0.2059326171875,0.059844970703125,0.408203125,0.415283203125,0.2423095703125,2015,honda,civic,,,branded/ salvage,,,
491,7863104702,1.0,0.368896484375,0.1490478515625,0.296875,0.40771484375,0.147705078125,0.0165557861328125,0.025238037109375,0.1385498046875,0.032928466796875,0.445068359375,0.4775390625,99-02,Honda,Accord,,,,4spd,6,
492,7863103472,1.0,0.279296875,0.1949462890625,0.2427978515625,0.375732421875,0.1373291015625,0.0035877227783203125,0.018798828125,0.0469970703125,0.1402587890625,0.491455078125,0.5927734375,99-02,Honda,Accord,3.0 V6,,,4spd,6,
493,7862861351,6199.0,0.7734375,0.26708984375,0.88037109375,0.1549072265625,0.50537109375,0.472900390625,0.270263671875,0.8896484375,0.465576171875,0.7880859375,0.63818359375,21,Honda,,,98128,clean,,,
494,7862716839,19800.0,0.47265625,0.358154296875,0.41943359375,0.1446533203125,0.61669921875,0.316162109375,0.1109619140625,0.0797119140625,0.6611328125,0.650390625,0.2442626953125,2019,Honda,Accord Sport 2.0T,Sport,106000,Clean,Manual,4,2
495,7858490266,1475.0,0.33056640625,0.275146484375,0.919921875,0.1324462890625,0.361083984375,0.48681640625,0.14697265625,0.0699462890625,0.2724609375,0.70751953125,0.80810546875,1996,Honda,Civic DX,DX,,clean,Manual,,
496,7858480788,12300.0,0.248046875,0.375,0.6142578125,0.119873046875,0.7353515625,0.08624267578125,0.216796875,0.129150390625,0.55224609375,0.619140625,0.206298828125,2013,honda,civic si,,133000,clean,manual,,
497,7858479223,10500.0,0.233642578125,0.2169189453125,0.72509765625,0.1605224609375,0.53076171875,0.36181640625,0.1630859375,0.08868408203125,0.340087890625,0.43359375,0.2509765625,10,,,,10500,clean,,,
498,7858478614,4300.0,0.415771484375,0.1553955078125,0.60888671875,0.0438232421875,0.65869140625,0.145751953125,0.19921875,0.1412353515625,0.1412353515625,0.63037109375,0.296875,,,,,,clean,,,
499,7862362150,3500.0,0.6904296875,0.85205078125,0.6142578125,0.489990234375,0.381591796875,0.2427978515625,0.5341796875,0.047393798828125,0.475341796875,0.88916015625,0.452392578125,2005,Honda,CRX,,40000,clean,,4,
500,7862197714,1.0,0.19677734375,0.183837890625,0.279052734375,0.331787109375,0.1693115234375,0.0100860595703125,0.022735595703125,0.0276031494140625,0.03375244140625,0.470947265625,0.7890625,"['99-02', '03-05', '96-99', '00-05', '99-01', '02-07']",['Honda'],"['Accord', 'Civic', 'Odyssey']","['', '', '', '', '']",[],,"['Automatic', 'Manual']","[6, 4]",[]
501,7865740967,17998.0,0.68896484375,0.70263671875,0.87255859375,0.2724609375,0.59716796875,0.4296875,0.43212890625,0.345703125,0.44287109375,0.685546875,0.59228515625,2018,Mazda,3 Grand Touring Sedan,,,,,,
502,7865730920,11500.0,0.5859375,0.306884765625,0.37939453125,0.12396240234375,0.8916015625,0.402099609375,0.360595703125,0.366943359375,0.427490234375,0.54541015625,0.77734375,2018,Chevrolet,Bolt Ev,,70000,,,,
503,7865729497,6900.0,0.666015625,0.417724609375,0.85205078125,0.06817626953125,0.7099609375,0.734375,0.12457275390625,0.120849609375,0.491943359375,0.81982421875,0.499755859375,2008,Mazda,3 Sedan,,104000,clean,Manual,,
504,7865729055,17981.0,0.68994140625,0.28564453125,0.599609375,0.681640625,0.423583984375,0.404541015625,0.2198486328125,0.310791015625,0.3642578125,0.55712890625,0.787109375,2004,Ford,Mustang Mach1 Coupe,,87000,clean,Manual,8,
505,7865686684,4800.0,0.28759765625,0.054351806640625,0.93017578125,0.033477783203125,0.411865234375,0.426025390625,0.157958984375,0.075927734375,0.1658935546875,0.62890625,0.1802978515625,not available,"Honda or similar (e.g. Hyundai, VW, Ford, Nissan)","Civic or similar (e.g. Elantra, Jetta, Vibe, Focus, Versa)",,162680,Clean,Automatic,,
506,7858245582,4000.0,0.43701171875,0.576171875,0.8115234375,0.104736328125,0.7314453125,0.296875,0.347412109375,0.150390625,0.443359375,0.78173828125,0.77783203125,2008,Honda,Civic Hybrid,,173000,branded/salvage,,,
507,7865357418,3250.0,0.99169921875,0.08123779296875,0.363525390625,0.0236053466796875,0.268310546875,0.34423828125,0.21044921875,0.2088623046875,0.28955078125,0.76025390625,0.56298828125,2002,Ford,Explorer,Limited,155000,Clean,Automatic,8,
508,7865027423,21500.0,0.42626953125,0.27099609375,0.70166015625,0.1163330078125,0.404296875,0.29736328125,0.358642578125,0.159912109375,0.426025390625,0.54638671875,0.62255859375,2024,Hyundai,Elantra SE,SE,10,Clean Title,Automatic,4,2.4
509,7865002874,3750.0,0.46826171875,0.2294921875,0.95263671875,0.04962158203125,0.32421875,0.2442626953125,0.1751708984375,0.2476806640625,0.3681640625,0.7109375,0.552734375,2006,Toyota,Camry Le,Le,225000,clean,Automatic,4,2.4
510,7864974745,5950.0,0.69873046875,0.270751953125,0.95166015625,0.05023193359375,0.337158203125,0.685546875,0.2044677734375,0.0300750732421875,0.22412109375,0.63671875,0.72900390625,2003,Volvo,V70 Wagon,,73000,California Clean Title,Automatic,5,2.5
511,7864972219,2950.0,0.92626953125,0.267578125,0.69873046875,0.10693359375,0.65673828125,0.2159423828125,0.2091064453125,0.319580078125,0.43701171875,0.71728515625,0.52880859375,2006,Volvo,XC 90,,180000,Clean,Automatic,5,
512,7864971130,1950.0,0.74462890625,0.1259765625,0.54345703125,0.0452880859375,0.91064453125,0.311279296875,0.471923828125,0.1231689453125,0.392333984375,0.5234375,0.35986328125,2011,Nissan,Leaf,,66000,California Clean Title,Automatic FWD,,
513,7864913401,4250.0,0.4521484375,0.27587890625,0.7333984375,0.0288238525390625,0.56396484375,0.31982421875,0.2303466796875,0.149169921875,0.55419921875,0.71826171875,0.4345703125,2006,Toyota,Corolla LE,LE,201000,California Clean Title,Automatic,4,1.8
514,7864906902,4500.0,0.98291015625,0.1114501953125,0.322021484375,0.06390380859375,0.61181640625,0.410400390625,0.3544921875,0.1427001953125,0.41943359375,0.6494140625,0.4921875,2007,Chevy,Tahoe LS SUV,,149000,Clean,Automatic,8,5.3
515,7864905870,4500.0,0.198486328125,0.262451171875,0.947265625,0.0240325927734375,0.345947265625,0.41357421875,0.22412109375,0.07330322265625,0.300537109375,0.6640625,0.391357421875,2004,Toyota,Corolla Ce,,130000,California Clean Title,5Spd Manual Shifts Smooth,4,1.8
516,7864905195,3950.0,0.52783203125,0.365234375,0.724609375,0.0718994140625,0.413330078125,0.3193359375,0.1683349609375,0.0987548828125,0.697265625,0.630859375,0.5654296875,2007,Toyota,Scion Tc Coupe,,130000,Clean,Automatic,4,
517,7864904980,4750.0,0.671875,0.2646484375,0.94873046875,0.1123046875,0.1075439453125,0.1854248046875,0.22021484375,0.0254058837890625,0.0723876953125,0.7734375,0.261474609375,2007,Ford,Crown Victoria LX,LX,115000,Clean,Automatic,8,
518,7864904785,4250.0,0.51708984375,0.107421875,0.490966796875,0.075927734375,0.6875,0.3115234375,0.39306640625,0.1776123046875,0.6083984375,0.525390625,0.42919921875,2008,Nissan,Altima Coupe S,S,174000,California Clean Title,6 Spd Manual,4,2.5
519,7864876044,4950.0,0.57275390625,0.1624755859375,0.880859375,0.042724609375,0.55615234375,0.2144775390625,0.337158203125,0.12359619140625,0.466796875,0.7490234375,0.3466796875,2010,Volvo,V50 Wagon,,140000,California Clean Title,Automatic,5,
520,7864874967,4750.0,0.47314453125,0.0531005859375,0.43310546875,0.035003662109375,0.86083984375,0.2288818359375,0.330810546875,0.1458740234375,0.48583984375,0.67529296875,0.420654296875,2006,Toyota,Corolla Matrix Hatchback,,175000,clean,automatic,4,
521,7864874222,3950.0,0.87548828125,0.1585693359375,0.430908203125,0.0292510986328125,0.50927734375,0.33935546875,0.28857421875,0.263916015625,0.32421875,0.56640625,0.40283203125,2001,Subaru,Forester L,L,137000,California Clean Title,Automatic,4,2.5
522,7864873613,4250.0,0.9794921875,0.6005859375,0.6259765625,0.050933837890625,0.406005859375,0.4111328125,0.2342529296875,0.5869140625,0.411376953125,0.6865234375,0.337646484375,2005,Toyota,Tundra,SR5 Double Cab,290000,California Clean Title,Automatic,8,4.7
523,7864873277,2750.0,0.50146484375,0.157958984375,0.7822265625,0.025604248046875,0.646484375,0.474853515625,0.29248046875,0.055206298828125,0.5361328125,0.67626953125,0.4013671875,2007,Ford,Focus ZX4 SE,,155000,clean,automatic,4,2.0
524,7864872236,2750.0,0.99462890625,0.0567626953125,0.486083984375,0.01503753662109375,0.25830078125,0.260498046875,0.283203125,0.0361328125,0.1595458984375,0.71484375,0.398193359375,2002,Ford,Explorer XLT,XLT,205000,California Clean Title,Automatic,6,4
525,7864871186,9995.0,0.72900390625,0.489990234375,0.9326171875,0.39892578125,0.267333984375,0.5390625,0.285888671875,0.2388916015625,0.3623046875,0.59765625,0.63623046875,2016,Jaguar,XF,35T Supercharged,114000,clean,Automatic,6,3.0
526,7864869317,8950.0,0.36767578125,0.84228515625,0.52587890625,0.76904296875,0.367431640625,0.270263671875,0.4970703125,0.11767578125,0.7998046875,0.78125,0.32421875,2005,Lexus,Sc430 Convertible,Pebble Beach Edition / Full Badges,170000,Clean,Automatic,8,
527,7864868994,4750.0,0.9560546875,0.51904296875,0.054046630859375,0.055938720703125,0.055389404296875,0.09796142578125,0.07867431640625,0.0784912109375,0.7109375,0.5791015625,0.328125,2000,Toyota,Tundra,SR5,212000,clean,Automatic,,
528,7864867698,1495.0,0.073974609375,0.031463623046875,0.38330078125,0.02691650390625,0.8388671875,0.2265625,0.294921875,0.045318603515625,0.324462890625,0.365234375,0.359619140625,2008,Kia,Rio,,144000,Clean,Manual,,
529,7864867540,4250.0,0.3056640625,0.420166015625,0.896484375,0.08056640625,0.310791015625,0.27978515625,0.28955078125,0.240478515625,0.5615234375,0.71630859375,0.234375,2007,Lexus,Is350,,205000,Clean,Automatic,6,3.5
530,7864866767,2450.0,0.9921875,0.330078125,0.36474609375,0.03411865234375,0.385986328125,0.303466796875,0.262939453125,0.10321044921875,0.3134765625,0.65966796875,0.403076171875,2002,Ford,Explorer,XLT,225000,Clean,Automatic,6,4.0
531,7864866240,4950.0,0.97900390625,0.366943359375,0.335205078125,0.038665771484375,0.2144775390625,0.21728515625,0.174560546875,0.0347900390625,0.0916748046875,0.71435546875,0.366455078125,2004,Ford,F-150,,240000,branded/salvage,Automatic,8,
532,7864865493,2450.0,0.5009765625,0.424072265625,0.90478515625,0.4326171875,0.199951171875,0.56640625,0.391357421875,0.02752685546875,0.465576171875,0.681640625,0.395263671875,1994,Infiniti,Q45,,175000,Clean California title,Automatic,6,4.5
533,7861205716,1500.0,0.9423828125,0.89404296875,0.81640625,0.403564453125,0.62646484375,0.29443359375,0.08697509765625,0.028106689453125,0.336181640625,0.6318359375,0.43603515625,,,,,,,,,
534,7864052873,45800.0,0.5693359375,0.94775390625,0.2822265625,0.477294921875,0.30810546875,0.2330322265625,0.2366943359375,0.244140625,0.5234375,0.62353515625,0.5673828125,,,,,17000,CLEAN TITLE,Automatic Transmission,6,
535,7863467682,3450.0,0.56591796875,0.10797119140625,0.92626953125,0.394775390625,0.387451171875,0.36083984375,0.285400390625,0.022552490234375,0.29736328125,0.7421875,0.1763916015625,2008,Audi,A4,,165000,Clean California title,Automatic,4,2.0
536,7860099417,16800.0,0.2305908203125,0.2222900390625,0.615234375,0.113525390625,0.78271484375,0.461181640625,0.6689453125,0.2042236328125,0.55712890625,0.436279296875,0.6728515625,2018,Honda,Civic LX,,46000,clean,,4,2.0
537,7862641865,4600.0,0.7314453125,0.271240234375,0.9267578125,0.11322021484375,0.51171875,0.1575927734375,0.22216796875,0.172119140625,0.1240234375,0.78564453125,0.488525390625,2021,Volvo,,,,clean,,,
538,7859654962,13.0,0.6142578125,0.053192138671875,0.5576171875,0.06353759765625,0.6220703125,0.252197265625,0.2041015625,0.062347412109375,0.2467041015625,0.67578125,0.280029296875,2016,Honda,Civic EX,,44000,clean,Automatic,,
539,7862196738,1.0,0.196044921875,0.1837158203125,0.27978515625,0.28076171875,0.1697998046875,0.0100860595703125,0.022735595703125,0.0276031494140625,0.03375244140625,0.470947265625,0.7890625,"['99-02', '03-05', '96-99', '00-05', '99-01', '02-07']","['Accord', 'Civic', 'Odyssey']","['Accord', 'Civic', 'Odyssey']",[],[],[],"['4spd', '5spd']",[6],[]
540,7861700730,4250.0,0.38818359375,0.25537109375,0.35009765625,0.10015869140625,0.7783203125,0.533203125,0.400146484375,0.08148193359375,0.327392578125,0.62158203125,0.2181396484375,2014,Chevy,Sonic Lt,,67000,Clean California title,Automatic,0,
541,7861582121,2950.0,0.7080078125,0.890625,0.32275390625,0.0496826171875,0.276123046875,0.1949462890625,0.1939697265625,0.1781005859375,0.292724609375,0.79931640625,0.470703125,1999,DODGE,RAM 1500,Laramie Edition,440000,Clean,Automatic,,5.2
542,7859045220,2500.0,0.1195068359375,0.67578125,0.50390625,0.12139892578125,0.560546875,0.5830078125,0.312255859375,0.12066650390625,0.8017578125,0.2900390625,0.25146484375,,,,,,clean,,,
543,7859869556,6500.0,0.720703125,0.057098388671875,0.5732421875,0.04705810546875,0.79638671875,0.251220703125,0.12841796875,0.318359375,0.2587890625,0.367919921875,0.7607421875,2017,Ford,Fiesta,,62000,Clean Title,Automatic Transmission,,
544,7859720320,7350.0,0.343505859375,0.85205078125,0.51220703125,0.1715087890625,0.1524658203125,0.06298828125,0.1806640625,0.0188751220703125,0.57177734375,0.5703125,0.57373046875,1993,Saab,900 turbo convertible,,,clean,Manual,4,
545,7858505691,8999.0,0.94091796875,0.61962890625,0.7626953125,0.32275390625,0.7685546875,0.1318359375,0.34326171875,0.1370849609375,0.471923828125,0.68505859375,0.67529296875,2009,SUBARU,Outback,SPORT edition,,,,,
546,7858245454,4400.0,0.494384765625,0.68798828125,0.81201171875,0.6123046875,0.560546875,0.583984375,0.67333984375,0.34765625,0.1480712890625,0.77001953125,0.6689453125,2005,BMW,330ci E46 model,,254000,Clean Title,,,
547,7865728660,23500.0,0.76611328125,0.442138671875,0.70166015625,0.1348876953125,0.93408203125,0.372802734375,0.17138671875,0.3876953125,0.5830078125,0.7958984375,0.74169921875,,Toyota,Corolla LE Sedan Hybrid,,,,,,
548,7865686684,4800.0,0.28759765625,0.054351806640625,0.93017578125,0.033477783203125,0.411865234375,0.426025390625,0.157958984375,0.075927734375,0.1658935546875,0.62890625,0.1802978515625,200K range,,not specified,,162680,Clean CA title,Auto transmission,,
549,7865655713,3000.0,0.392333984375,0.12274169921875,0.91357421875,0.11212158203125,0.48681640625,0.12200927734375,0.1705322265625,0.34326171875,0.35302734375,0.7314453125,0.734375,,,,,185000,clean,,,
550,7865535928,12500.0,0.7265625,0.331787109375,0.79248046875,0.060333251953125,0.52294921875,0.460205078125,0.31640625,0.52978515625,0.57763671875,0.619140625,0.380126953125,2013,Toyota,Corolla S,S,122500,clean,Automatic,4,
551,7865496722,12500.0,0.642578125,0.11578369140625,0.609375,0.039520263671875,0.7802734375,0.3037109375,0.203857421875,0.360107421875,0.31591796875,0.441162109375,0.86572265625,Not available,Toyota,Corolla,,Few miles,Clean title,,,
552,7865464782,9500.0,0.642578125,0.58740234375,0.60791015625,0.51513671875,0.50244140625,0.26708984375,0.67431640625,0.282958984375,0.120361328125,0.7958984375,0.607421875,1983,Toyota,Corolla DX Liftback,DX,28000,clean,Automatic,4,1.3
553,7865433524,4400.0,0.50244140625,0.380615234375,0.91748046875,0.0999755859375,0.375,0.1900634765625,0.433349609375,0.1644287109375,0.1383056640625,0.7001953125,0.8076171875,,,,,,Clean,Automatic,4,1.8
554,7865326141,15000.0,0.40771484375,0.290771484375,0.51611328125,0.15087890625,0.7412109375,0.5048828125,0.296142578125,0.30908203125,0.408447265625,0.560546875,0.2430419921875,2017,Toyota,Corolla,,60,clean,Automatic,,
555,7865323987,3500.0,0.5693359375,0.268798828125,0.51123046875,0.06500244140625,0.443603515625,0.285400390625,0.09564208984375,0.123046875,0.1416015625,0.87744140625,0.6025390625,1992,Corolla,Wagon,,0,Clean title,,0,0
556,7865306078,4350.0,0.169921875,0.361328125,0.9169921875,0.026580810546875,0.564453125,0.70068359375,0.263916015625,0.45947265625,0.3828125,0.50830078125,0.295654296875,2010,Toyota,Corolla LE,LE,213112,Clean Title,Automatic,4,1.8
557,7865278640,2000.0,0.08111572265625,0.0823974609375,0.84765625,0.034881591796875,0.41552734375,0.318603515625,0.11907958984375,0.6259765625,0.344482421875,0.31689453125,0.2110595703125,2009,Toyota,Corolla,,,clean,,,
558,7865238342,6100.0,0.476318359375,0.6640625,0.90869140625,0.11358642578125,0.68017578125,0.415771484375,0.74267578125,0.0989990234375,0.1199951171875,0.794921875,0.452880859375,,,,,,,,,
559,7865224898,7900.0,0.34814453125,0.06689453125,0.64453125,0.168212890625,0.8271484375,0.335205078125,0.473388671875,0.04541015625,0.144287109375,0.413330078125,0.22119140625,2017,Corolla,corolla,,0,clean,,0,
560,7865069221,1888.0,0.1949462890625,0.1629638671875,0.8701171875,0.1771240234375,0.48046875,0.16748046875,0.1031494140625,0.544921875,0.247314453125,0.71875,0.279541015625,,,,,,clean,,,
561,7865036159,4300.0,0.734375,0.32958984375,0.86083984375,0.07861328125,0.277587890625,0.309814453125,0.467529296875,0.037200927734375,0.126708984375,0.56591796875,0.44287109375,2004,Toyota,Corolla,,137500,,,,
562,7864924643,9400.0,0.6005859375,0.219482421875,0.53173828125,0.018585205078125,0.75390625,0.351318359375,0.22216796875,0.1552734375,0.2022705078125,0.552734375,0.30126953125,2015,Toyota,Corolla LE ECO Premium,LE ECO Premium,160000,clean,,,
563,7864913401,4250.0,0.4521484375,0.27587890625,0.7333984375,0.0288238525390625,0.56396484375,0.31982421875,0.2303466796875,0.149169921875,0.55419921875,0.71826171875,0.4345703125,2006,Toyota,Corolla LE,,201000,California Clean Title,Automatic,4,1.8
564,7864905870,4500.0,0.198486328125,0.262451171875,0.947265625,0.0240325927734375,0.345947265625,0.41357421875,0.22412109375,0.07330322265625,0.300537109375,0.6640625,0.391357421875,2004,Toyota,Corolla Ce,,130000,California Clean Title,5Spd Manual Shifts Smooth,4,
565,7864874967,4750.0,0.47314453125,0.0531005859375,0.43310546875,0.035003662109375,0.86083984375,0.2288818359375,0.330810546875,0.1458740234375,0.48583984375,0.67529296875,0.420654296875,2006,Toyota,Corolla Matrix Hatchback,,175000,Clean,Automatic,4,1.8
566,7864827404,2900.0,0.305908203125,0.47900390625,0.76220703125,0.060546875,0.51611328125,0.4013671875,0.317626953125,0.111328125,0.1451416015625,0.72802734375,0.374267578125,150K (year not specified),,,,,clean,Automatic,4,1.8
567,7864802718,5500.0,0.681640625,0.297119140625,0.8388671875,0.11273193359375,0.60302734375,0.26123046875,0.132568359375,0.415771484375,0.263671875,0.69091796875,0.673828125,2007,Toyota,Corolla,,113708,clean,Automatic,,
568,7864770532,12800.0,0.82421875,0.310546875,0.525390625,0.056060791015625,0.84033203125,0.27392578125,0.249755859375,0.222412109375,0.493408203125,0.55419921875,0.61083984375,2015,Toyota,Corolla,LE PLUS,,Clean,Automatic,,
569,7864694436,6500.0,0.2493896484375,0.16357421875,0.90673828125,0.0235595703125,0.501953125,0.499267578125,0.2509765625,0.0299224853515625,0.138427734375,0.611328125,0.271240234375,2012,Toyota,Corolla,,,Clean,,,
570,7864681669,15000.0,0.7763671875,0.098388671875,0.41552734375,0.2288818359375,0.60546875,0.41015625,0.255126953125,0.388916015625,0.52001953125,0.705078125,0.77294921875,2017,Toyota,Corolla,LE,46000,clean,,4,
571,7864678379,6900.0,0.7275390625,0.2357177734375,0.73095703125,0.036163330078125,0.541015625,0.0787353515625,0.198486328125,0.51513671875,0.391845703125,0.75732421875,0.7236328125,2012,Toyota,Corolla S,S,,clean,Automatic,4,
572,7864491932,2500.0,0.5751953125,0.452880859375,0.81689453125,0.07073974609375,0.58740234375,0.17236328125,0.34814453125,0.196533203125,0.3095703125,0.662109375,0.802734375,1999,Toyota,Corolla,,182000,clean,Automatic,4,
573,7864286808,5800.0,0.54833984375,0.1832275390625,0.62353515625,0.12042236328125,0.87548828125,0.5849609375,0.26025390625,0.1563720703125,0.4326171875,0.72705078125,0.8056640625,2013,Toyota,Corolla,S Sedan 4D,137290,branded/ salvage,"Automatic, 4-Spd",4,1.8
574,7864275697,5999.0,0.6591796875,0.437255859375,0.495361328125,0.0860595703125,0.58056640625,0.58740234375,0.340087890625,0.07452392578125,0.29296875,0.8076171875,0.31689453125,unknown,,,,80000,branded/salvage,unknown,unknown,unknown
575,7864274210,2000.0,0.37255859375,0.351318359375,0.471435546875,0.0692138671875,0.63623046875,0.1441650390625,0.11737060546875,0.084716796875,0.30517578125,0.69140625,0.2283935546875,2004,Toyota,Corolla LE,LE,210000,Clean,Automatic,4,
576,7864246874,20500.0,0.60302734375,0.58935546875,0.51611328125,0.1591796875,0.814453125,0.50244140625,0.31787109375,0.367919921875,0.415771484375,0.6259765625,0.275634765625,2022,Toyota,Corolla Hybrid LE Sedan,LE,69000,clean,Automatic,,
577,7864246211,7500.0,0.67138671875,0.421142578125,0.736328125,0.113037109375,0.677734375,0.452392578125,0.52392578125,0.049835205078125,0.404541015625,0.705078125,0.490966796875,2012,Toyota,Corolla,,,clean,,,
578,7864138075,12500.0,0.43603515625,0.52392578125,0.54736328125,0.09759521484375,0.8447265625,0.31787109375,0.6982421875,0.07281494140625,0.26416015625,0.4599609375,0.38232421875,2016,Toyota,Corolla LE,LE,119000,clean,Automatic,4,1.8
579,7864047866,4000.0,0.193603515625,0.5205078125,0.796875,0.07000732421875,0.62060546875,0.20068359375,0.320556640625,0.0709228515625,0.88330078125,0.57666015625,0.78076171875,,,,,,clean,,,
580,7863968591,12000.0,0.1768798828125,0.5380859375,0.29638671875,0.156494140625,0.90673828125,0.52099609375,0.261962890625,0.449951171875,0.420166015625,0.296875,0.28662109375,2018,Toyota,Corolla SE,SE,120220,clean,Manual,,
581,7863963723,3500.0,0.41064453125,0.143798828125,0.59912109375,0.0272674560546875,0.76025390625,0.339599609375,0.314208984375,0.055816650390625,0.45849609375,0.61328125,0.251708984375,2006,Toyota,Corolla,LE,,,,,
582,7863920399,3400.0,0.3125,0.066650390625,0.8740234375,0.05908203125,0.29541015625,0.1494140625,0.06842041015625,0.16162109375,0.31640625,0.7587890625,0.25439453125,2003,Toyota,Corolla le,,185000,salvage,,,
583,7863811063,2275.0,0.2919921875,0.341552734375,0.8740234375,0.12237548828125,0.34130859375,0.094970703125,0.07281494140625,0.022430419921875,0.04290771484375,0.7724609375,0.359130859375,2025,Corolla,,,195000,,,,
584,7863766890,4600.0,0.53857421875,0.658203125,0.70263671875,0.0428466796875,0.41357421875,0.50341796875,0.155029296875,0.1361083984375,0.377197265625,0.6767578125,0.6982421875,2008,Toyota,Corolla LE,LE,,Clean Title,,,
585,7863688812,900.0,0.85986328125,0.312255859375,0.701171875,0.0970458984375,0.46044921875,0.10009765625,0.1134033203125,0.49755859375,0.2139892578125,0.556640625,0.31396484375,1997,Toyota,Corolla DX,DX,207000,branded/salvage,,,
586,7863637024,1300.0,0.35986328125,0.10638427734375,0.71044921875,0.0411376953125,0.69580078125,0.2152099609375,0.06463623046875,0.1685791015625,0.371337890625,0.46923828125,0.3603515625,2004,Toyota,Corolla S,,293000,clean,,,
587,7863527476,3500.0,0.7509765625,0.10931396484375,0.8369140625,0.092041015625,0.37060546875,0.24609375,0.2364501953125,0.1011962890625,0.34228515625,0.69775390625,0.6142578125,,,,,,,,,
588,7863350448,12500.0,0.43603515625,0.52392578125,0.54736328125,0.09759521484375,0.8447265625,0.31787109375,0.6982421875,0.07281494140625,0.26416015625,0.4599609375,0.38232421875,2016,Toyota,Corolla,LE,119000,clean,Automatic,4,1.8
589,7863127788,12000.0,0.1787109375,0.303955078125,0.294677734375,0.09332275390625,0.90673828125,0.521484375,0.26220703125,0.4462890625,0.419677734375,0.29931640625,0.290771484375,2018,Toyota,Corolla SE,SE,120220,Clean,,,
590,7862328100,4500.0,0.5791015625,0.12347412109375,0.73583984375,0.199462890625,0.52734375,0.30517578125,0.5693359375,0.353515625,0.72314453125,0.5654296875,0.72998046875,2011,Toyota,Corolla,,210527,clean,,,
591,7862263507,2500.0,0.08673095703125,0.12225341796875,0.736328125,0.020599365234375,0.29345703125,0.10675048828125,0.055389404296875,0.10028076171875,0.59375,0.390380859375,0.141357421875,,,,,200000,branded/salvage,Automatic,,
592,7862134433,3750.0,0.454833984375,0.1400146484375,0.91796875,0.069091796875,0.525390625,0.4111328125,0.191162109375,0.3994140625,0.178466796875,0.7333984375,0.34521484375,2007,Toyota,Corolla,LE,180000,Clean,,,
593,7862078217,9000.0,0.6484375,0.1986083984375,0.365234375,0.056365966796875,0.77783203125,0.1986083984375,0.137451171875,0.11322021484375,0.469970703125,0.625,0.75537109375,,,,,0,clean,,0,0.0
594,7862069594,4700.0,0.53564453125,0.367919921875,0.82080078125,0.035552978515625,0.415283203125,0.3837890625,0.29443359375,0.10205078125,0.1708984375,0.6337890625,0.280029296875,2003,Toyota,Corolla,,160000,clean,automatic,4,
595,7861851302,4545.0,0.90283203125,0.128662109375,0.537109375,0.055389404296875,0.341552734375,0.2269287109375,0.5654296875,0.07843017578125,0.10235595703125,0.75537109375,0.398193359375,2006,Scion,XB,,,clean,Manual,,
596,7861609276,8500.0,0.69677734375,0.426513671875,0.677734375,0.1282958984375,0.8681640625,0.1561279296875,0.20361328125,0.0298004150390625,0.07611083984375,0.69384765625,0.274169921875,1978,Toyota,Corolla,,106000,,Manual,,
597,7861598580,6200.0,0.580078125,0.329833984375,0.422607421875,0.057586669921875,0.875,0.178466796875,0.146728515625,0.1265869140625,0.3662109375,0.72314453125,0.7861328125,2009,Toyota,Corolla,,173776,salvage,automatic,,
598,7861281717,8500.0,0.83837890625,0.1854248046875,0.424560546875,0.06927490234375,0.6865234375,0.5703125,0.302490234375,0.59326171875,0.283935546875,0.7548828125,0.1436767578125,2015,Toyota,Corolla,LE,,branded/salvage,,,
599,7861197580,4500.0,0.1405029296875,0.31396484375,0.66650390625,0.043548583984375,0.64404296875,0.499267578125,0.51806640625,0.47119140625,0.355712890625,0.60986328125,0.484130859375,1999,Toyota,corolla,,79756,clean,,4,
600,7861050930,4700.0,0.599609375,0.2298583984375,0.54345703125,0.1461181640625,0.7509765625,0.4306640625,0.40966796875,0.759765625,0.267333984375,0.46728515625,0.6123046875,2009,Toyota,Corolla,,205100,clean,,,
601,7860848776,8550.0,0.278076171875,0.174072265625,0.61572265625,0.040679931640625,0.7197265625,0.4091796875,0.75732421875,0.413330078125,0.5205078125,0.45166015625,0.470947265625,2014,Toyota,Corolla Le Edition Sedan,Le Edition,,clean,Automatic,,
602,7860543950,4000.0,0.1884765625,0.04766845703125,0.84130859375,0.02783203125,0.76171875,0.30419921875,0.1414794921875,0.2415771484375,0.1922607421875,0.52001953125,0.290283203125,2006,Toyota,Corolla,,170000,clean,Manual,,
603,7860302672,7200.0,0.4775390625,0.2244873046875,0.77001953125,0.0941162109375,0.63623046875,0.376708984375,0.556640625,0.11865234375,0.6826171875,0.431884765625,0.71484375,2010,Toyota,Corolla S,S,,clean,,,
604,7860283624,5000.0,0.361572265625,0.29345703125,0.493896484375,0.03692626953125,0.77099609375,0.734375,0.2369384765625,0.08184814453125,0.256103515625,0.69384765625,0.259521484375,2009,Toyota,Corolla,,170000,clean,,,
605,7860133171,4950.0,0.06915283203125,0.0192413330078125,0.564453125,0.033782958984375,0.50244140625,0.1552734375,0.190185546875,0.380126953125,0.486572265625,0.408935546875,0.13916015625,2014,Toyota,Corolla sedan,,213000,Clean,,4,
606,7865535086,5300.0,0.488037109375,0.307373046875,0.84814453125,0.10491943359375,0.64013671875,0.2496337890625,0.141845703125,0.2081298828125,0.1112060546875,0.7138671875,0.6025390625,1995,Geo,Prizm/Toyota Corolla,,54000,clean,Automatic,,
607,7865451521,1950.0,0.32568359375,0.10540771484375,0.5634765625,0.12359619140625,0.7890625,0.43115234375,0.405517578125,0.14697265625,0.445556640625,0.62841796875,0.298583984375,Not available,Not available,Not available,Not available,,clean,Manual,,
608,7859942515,12000.0,0.02325439453125,0.05938720703125,0.572265625,0.01264190673828125,0.8603515625,0.364013671875,0.178955078125,0.0242156982421875,0.311279296875,0.27294921875,0.1484375,2013,Toyota,Corolla LE,LE,60000,,,,
609,7859902916,2300.0,0.025238037109375,0.228759765625,0.92529296875,0.052886962890625,0.386962890625,0.0772705078125,0.09527587890625,0.0989990234375,0.315673828125,0.64306640625,0.42333984375,26,Toyota,,,24800,,,,
610,7865318261,6950.0,0.33251953125,0.322998046875,0.54443359375,0.0687255859375,0.6787109375,0.54296875,0.4931640625,0.320068359375,0.359619140625,0.63916015625,0.5048828125,2007,Toyota,Matrix,XR Edition,143112,Clean Title,Automatic,4,1.8
611,7865311451,2000.0,0.505859375,0.041656494140625,0.6416015625,0.0196685791015625,0.49755859375,0.1900634765625,0.247802734375,0.470458984375,0.3515625,0.464599609375,0.76220703125,2018,Toyota,,,75000,,,,
612,7859856066,7500.0,0.61328125,0.36767578125,0.84033203125,0.047210693359375,0.73876953125,0.45703125,0.60107421875,0.75244140625,0.35009765625,0.49609375,0.845703125,2010,Toyota,Corolla LE,LE,,clean,null,,
613,7865088299,13400.0,0.357666015625,0.198486328125,0.4345703125,0.1531982421875,0.830078125,0.495361328125,0.32470703125,0.445068359375,0.394287109375,0.6513671875,0.73291015625,,,,,,branded/salvage,,,
614,7865002874,3750.0,0.46826171875,0.2294921875,0.95263671875,0.04962158203125,0.32421875,0.2442626953125,0.1751708984375,0.2476806640625,0.3681640625,0.7109375,0.552734375,2006,Toyota,Camry Le,Le,225000,Clean,Automatic,4,2.4
615,7864905195,3950.0,0.52783203125,0.365234375,0.724609375,0.0718994140625,0.413330078125,0.3193359375,0.1683349609375,0.0987548828125,0.697265625,0.630859375,0.5654296875,2007,Toyota,Scion Tc Coupe,,130000,Clean,Automatic,4,2.4
616,7859735546,8000.0,0.456787109375,0.118408203125,0.66064453125,0.08001708984375,0.465576171875,0.693359375,0.483154296875,0.2705078125,0.37939453125,0.58447265625,0.703125,2013,Toyota,Corolla,,161000,clean,,,
617,7864873613,4250.0,0.9794921875,0.6005859375,0.6259765625,0.050933837890625,0.406005859375,0.4111328125,0.2342529296875,0.5869140625,0.411376953125,0.6865234375,0.337646484375,2005,Toyota,Tundra SR5 Double Cab,,290000,California Clean Title,Automatic,8,4.7
618,7864868994,4750.0,0.9560546875,0.51904296875,0.054046630859375,0.055938720703125,0.055389404296875,0.09796142578125,0.07867431640625,0.0784912109375,0.7109375,0.5791015625,0.328125,2000,Toyota,Tundra,SR5,212000,Clean,Automatic,,
619,7864693576,2500.0,0.359130859375,0.210693359375,0.73046875,0.02935791015625,0.489013671875,0.43115234375,0.310546875,0.244873046875,0.335693359375,0.4423828125,0.1572265625,,,,,260000,clean,,,
620,7859585849,6499.0,0.6435546875,0.1414794921875,0.89697265625,0.087646484375,0.603515625,0.415283203125,0.12493896484375,0.132568359375,0.1658935546875,0.75048828125,0.78857421875,2005,Toyota,Corolla,S,112928,Clean Title,,,
621,7859551499,7700.0,0.4521484375,0.1273193359375,0.70947265625,0.0916748046875,0.90478515625,0.359130859375,0.57421875,0.231201171875,0.35791015625,0.52978515625,0.30908203125,2009,Toyota,Corolla,,,Clean Title,,,
622,7859534105,12500.0,0.295654296875,0.292724609375,0.56982421875,0.204345703125,0.8154296875,0.388671875,0.482421875,0.1151123046875,0.4423828125,0.55517578125,0.50439453125,2018,Toyota,Corolla SE,SE,,,,,
623,7859243031,10990.0,0.81005859375,0.2421875,0.64697265625,0.2275390625,0.71142578125,0.6318359375,0.5068359375,0.2080078125,0.53955078125,0.6396484375,0.6474609375,2019,Toyota,Corolla le,le,68000,Branded/ Salvage,Automatic,,
624,7859237573,9500.0,0.56689453125,0.52001953125,0.364990234375,0.122314453125,0.8564453125,0.43359375,0.401123046875,0.072509765625,0.480224609375,0.55029296875,0.79443359375,not available,,,,,Clean,Continuously Variable,4,1.8
625,7863737565,6300.0,0.4150390625,0.2880859375,0.76416015625,0.053955078125,0.473388671875,0.4833984375,0.51708984375,0.13818359375,0.403076171875,0.5166015625,0.72265625,,,,,,Clean,,,
626,7859045476,8899.0,0.191650390625,0.128662109375,0.8798828125,0.05078125,0.426513671875,0.2069091796875,0.08624267578125,0.6435546875,0.334716796875,0.67919921875,0.59619140625,2006,Toyota,Corolla Sport,,65000,clean,,,
627,7863207089,6300.0,0.037689208984375,0.00811004638671875,0.70703125,0.0081024169921875,0.7451171875,0.1680908203125,0.1553955078125,0.12493896484375,0.6494140625,0.1629638671875,0.260498046875,Not specified,Toyota,Matrix,,98500,clean,Not specified,,
628,7858767362,6300.0,0.318603515625,0.0831298828125,0.8095703125,0.036956787109375,0.482421875,0.105224609375,0.1251220703125,0.0914306640625,0.1121826171875,0.67626953125,0.357666015625,09,Toyota,Corolla S,,172000,clean,,,
629,7862636217,4000.0,0.12445068359375,0.315673828125,0.5791015625,0.02471923828125,0.53515625,0.207763671875,0.0706787109375,0.0921630859375,0.3359375,0.4677734375,0.2415771484375,,,,,,branded/salvage,,,
630,7858386670,4450.0,0.796875,0.2047119140625,0.55126953125,0.05950927734375,0.77294921875,0.1650390625,0.204833984375,0.298095703125,0.263427734375,0.56689453125,0.759765625,2007,Corolla,LE,LE,,clean,Automatic,,
631,7858308025,3000.0,0.2119140625,0.0977783203125,0.5537109375,0.11077880859375,0.580078125,0.265869140625,0.265869140625,0.57666015625,0.30419921875,0.62646484375,0.216552734375,2005,Corolla,S,,,clean,,,
632,7858271420,7600.0,0.30322265625,0.189697265625,0.78759765625,0.090087890625,0.6904296875,0.214599609375,0.1829833984375,0.33154296875,0.310791015625,0.587890625,0.65478515625,,,,,103000,clean,,,
633,7858269673,8900.0,0.43603515625,0.19140625,0.642578125,0.045623779296875,0.5380859375,0.241455078125,0.83056640625,0.42919921875,0.2398681640625,0.496337890625,0.74853515625,2012,Toyota,Corolla,,100000,clean,automatic,,
634,7865729497,6900.0,0.666015625,0.417724609375,0.85205078125,0.06817626953125,0.7099609375,0.734375,0.12457275390625,0.120849609375,0.491943359375,0.81982421875,0.499755859375,2008,Mazda,3 Sedan,,104000,clean,Manual,,
635,7861996450,4995.0,0.65576171875,0.06298828125,0.66650390625,0.02581787109375,0.6455078125,0.2685546875,0.17822265625,0.4287109375,0.44384765625,0.64404296875,0.251953125,2005,Toyota,Matrix Wagon,,147112,clean,Automatic,4,1.8
636,7865357418,3250.0,0.99169921875,0.08123779296875,0.363525390625,0.0236053466796875,0.268310546875,0.34423828125,0.21044921875,0.2088623046875,0.28955078125,0.76025390625,0.56298828125,2002,Ford,Explorer,Limited,155000,Clean,Automatic,8,4.6
637,7861852198,4000.0,0.130859375,0.1260986328125,0.58642578125,0.01654052734375,0.49853515625,0.0982666015625,0.047149658203125,0.43115234375,0.3203125,0.322265625,0.122314453125,2000,Toyota,Corolla,,,,,,
638,7865312865,15000.0,0.0867919921875,0.982421875,0.1080322265625,0.41650390625,0.06866455078125,0.437255859375,0.06500244140625,0.029296875,0.07476806640625,0.67041015625,0.54296875,1974,Toyota,Corolla,,,clean,Manual,4,
639,7865027423,21500.0,0.42626953125,0.27099609375,0.70166015625,0.1163330078125,0.404296875,0.29736328125,0.358642578125,0.159912109375,0.426025390625,0.54638671875,0.62255859375,2024,Hyundai,Elantra,SE,10000,Clean,Automatic,4,2.4
640,7864974745,5950.0,0.69873046875,0.270751953125,0.95166015625,0.05023193359375,0.337158203125,0.685546875,0.2044677734375,0.0300750732421875,0.22412109375,0.63671875,0.72900390625,2003,Volvo,V70 Wagon,,73000,California Clean Title,Automatic,5,2.5
641,7864972219,2950.0,0.92626953125,0.267578125,0.69873046875,0.10693359375,0.65673828125,0.2159423828125,0.2091064453125,0.319580078125,0.43701171875,0.71728515625,0.52880859375,2006,Volvo,XC 90,,180000,Clean California title,Automatic,5,2.5
642,7864971130,1950.0,0.74462890625,0.1259765625,0.54345703125,0.0452880859375,0.91064453125,0.311279296875,0.471923828125,0.1231689453125,0.392333984375,0.5234375,0.35986328125,2011,Nissan,Leaf,,66000,California Clean Title,Automatic FWD,,
643,7864906902,4500.0,0.98291015625,0.1114501953125,0.322021484375,0.06390380859375,0.61181640625,0.410400390625,0.3544921875,0.1427001953125,0.41943359375,0.6494140625,0.4921875,2007,Chevy,Tahoe LS,LS,149000,Clean,Automatic,8,5.3
644,7864904980,4750.0,0.671875,0.2646484375,0.94873046875,0.1123046875,0.1075439453125,0.1854248046875,0.22021484375,0.0254058837890625,0.0723876953125,0.7734375,0.261474609375,2007,Ford,Crown Victoria LX,LX,115000,Clean,Automatic,8,4.6
645,7864904785,4250.0,0.51708984375,0.107421875,0.490966796875,0.075927734375,0.6875,0.3115234375,0.39306640625,0.1776123046875,0.6083984375,0.525390625,0.42919921875,2008,Nissan,Altima Coupe S,S,174000,California Clean Title,6 Spd Manual,4,2.5
646,7864876044,4950.0,0.57275390625,0.1624755859375,0.880859375,0.042724609375,0.55615234375,0.2144775390625,0.337158203125,0.12359619140625,0.466796875,0.7490234375,0.3466796875,2010,Volvo,V50 Wagon,,140k,California Clean Title,Automatic,5,
647,7864874222,3950.0,0.87548828125,0.1585693359375,0.430908203125,0.0292510986328125,0.50927734375,0.33935546875,0.28857421875,0.263916015625,0.32421875,0.56640625,0.40283203125,2001,Subaru,Forester,L,137000,California Clean Title,Automatic,4,2.5
648,7864873277,2750.0,0.50146484375,0.157958984375,0.7822265625,0.025604248046875,0.646484375,0.474853515625,0.29248046875,0.055206298828125,0.5361328125,0.67626953125,0.4013671875,2007,Ford,Focus ZX4 SE,SE,155000,Clean,Automatic,2,
649,7864872236,2750.0,0.99462890625,0.0567626953125,0.486083984375,0.01503753662109375,0.25830078125,0.260498046875,0.283203125,0.0361328125,0.1595458984375,0.71484375,0.398193359375,2002,Ford,Explorer,XLT,205000,California Clean Title,Automatic,6,4.0
650,7864871186,9995.0,0.72900390625,0.489990234375,0.9326171875,0.39892578125,0.267333984375,0.5390625,0.285888671875,0.2388916015625,0.3623046875,0.59765625,0.63623046875,2016,Jaguar,XF 35T Supercharged,Supercharged,114000,clean,Automatic,6,3
651,7864869317,8950.0,0.36767578125,0.84228515625,0.52587890625,0.76904296875,0.367431640625,0.270263671875,0.4970703125,0.11767578125,0.7998046875,0.78125,0.32421875,2005,Lexus,Sc430 Convertible,,170000,Clean California title,Automatic,8,4.3
652,7864867698,1495.0,0.073974609375,0.031463623046875,0.38330078125,0.02691650390625,0.8388671875,0.2265625,0.294921875,0.045318603515625,0.324462890625,0.365234375,0.359619140625,2008,Kia,Rio,,144000,Clean,Manual,,
653,7864867540,4250.0,0.3056640625,0.420166015625,0.896484375,0.08056640625,0.310791015625,0.27978515625,0.28955078125,0.240478515625,0.5615234375,0.71630859375,0.234375,2007,Lexus,Is350,,205000,clean,Automatic,6,3.5
654,7864866767,2450.0,0.9921875,0.330078125,0.36474609375,0.03411865234375,0.385986328125,0.303466796875,0.262939453125,0.10321044921875,0.3134765625,0.65966796875,0.403076171875,2002,Ford,Explorer,XLT,225000,Clean,Automatic,6,4.0
655,7864866240,4950.0,0.97900390625,0.366943359375,0.335205078125,0.038665771484375,0.2144775390625,0.21728515625,0.174560546875,0.0347900390625,0.0916748046875,0.71435546875,0.366455078125,2004,Ford,F-150,,240000,Salvage,Automatic,,
656,7864865493,2450.0,0.5009765625,0.424072265625,0.90478515625,0.4326171875,0.199951171875,0.56640625,0.391357421875,0.02752685546875,0.465576171875,0.681640625,0.395263671875,1994,Infiniti,Q45,,175000,clean,Automatic,,
657,7861090944,18000.0,0.94091796875,0.3505859375,0.382080078125,0.1314697265625,0.7861328125,0.2265625,0.0771484375,0.69189453125,0.57080078125,0.6689453125,0.77490234375,2022,Toyota,Corolla Apex,Apex,18000,branded/salvage,Automatic,,
658,7863467682,3450.0,0.56591796875,0.10797119140625,0.92626953125,0.394775390625,0.387451171875,0.36083984375,0.285400390625,0.022552490234375,0.29736328125,0.7421875,0.1763916015625,2008,Audi,A4,,165k,Clean California title,Automatic,4,
659,7863184410,13000.0,0.7236328125,0.30712890625,0.71044921875,0.206298828125,0.68115234375,0.218017578125,0.413330078125,0.066650390625,0.533203125,0.6728515625,0.666015625,2016,Mercedes,E350,,68000,Salvage,Automatic,6,3.5
660,7861700730,4250.0,0.38818359375,0.25537109375,0.35009765625,0.10015869140625,0.7783203125,0.533203125,0.400146484375,0.08148193359375,0.327392578125,0.62158203125,0.2181396484375,2014,Chevy,Sonic Lt,Lt,67000,Clean California title,Automatic Transmission,,
661,7861582121,2950.0,0.7080078125,0.890625,0.32275390625,0.0496826171875,0.276123046875,0.1949462890625,0.1939697265625,0.1781005859375,0.292724609375,0.79931640625,0.470703125,1999,Dodge,RAM 1500,Laramie Edition,440000,Clean,Automatic,8,
662,7859034640,3800.0,0.29150390625,0.139892578125,0.75,0.06256103515625,0.5146484375,0.1846923828125,0.2281494140625,0.1226806640625,0.1473388671875,0.57568359375,0.37353515625,2005,Corolla,CE,,,clean,,,
663,7858992127,2700.0,0.71240234375,0.2139892578125,0.63427734375,0.283447265625,0.59228515625,0.1529541015625,0.255126953125,0.027557373046875,0.361083984375,0.71484375,0.37353515625,1996,Toyota,Corolla,,,clean,Manual,,
664,7858431895,899.0,0.44873046875,0.3486328125,0.485107421875,0.08428955078125,0.45703125,0.2469482421875,0.343505859375,0.1837158203125,0.337890625,0.67138671875,0.47705078125,1997,Toyota,Corolla,,,,Automatic or Manual (if available): ,,
665,7859869556,6500.0,0.720703125,0.057098388671875,0.5732421875,0.04705810546875,0.79638671875,0.251220703125,0.12841796875,0.318359375,0.2587890625,0.367919921875,0.7607421875,2017,Ford,Fiesta,,62000,Clean Title,Automatic Transmission,,
666,7859654962,13.0,0.6142578125,0.053192138671875,0.5576171875,0.06353759765625,0.6220703125,0.252197265625,0.2041015625,0.062347412109375,0.2467041015625,0.67578125,0.280029296875,2016,Honda,civic EX,,44000,,Automatic,,1.5
667,7858505691,8999.0,0.94091796875,0.61962890625,0.7626953125,0.32275390625,0.7685546875,0.1318359375,0.34326171875,0.1370849609375,0.471923828125,0.68505859375,0.67529296875,2009,SUBARU,Outback SPORT,SPORT,,,,,
668,7866296353,6300.0,0.7861328125,0.364013671875,0.3623046875,0.04608154296875,0.457275390625,0.27490234375,0.2138671875,0.08697509765625,0.305419921875,0.611328125,0.313720703125,2007,Honda,CRV,,,clean,Automatic,4,
669,7866282946,3200.0,0.845703125,0.1383056640625,0.6103515625,0.1319580078125,0.61474609375,0.14892578125,0.08544921875,0.06268310546875,0.533203125,0.775390625,0.69970703125,,,,,211000,clean,,,
670,7866062717,7500.0,0.896484375,0.177490234375,0.286865234375,0.0419921875,0.85546875,0.67041015625,0.2388916015625,0.55126953125,0.5830078125,0.66552734375,0.8642578125,2012,Honda,CR-V,EX AWD,104000,Clean,Automatic,,
671,7866059116,9750.0,0.86376953125,0.362060546875,0.44140625,0.1763916015625,0.36474609375,0.32763671875,0.1617431640625,0.59716796875,0.301025390625,0.74853515625,0.83203125,2011,Honda,CR-V EX-L,EX-L,98759,clean,Automatic,4,2.4
672,7865922129,8800.0,0.94921875,0.2156982421875,0.537109375,0.051055908203125,0.9365234375,0.2265625,0.54638671875,0.0899658203125,0.10003662109375,0.7451171875,0.685546875,2007,Honda,CR-V LX 4D,,140000,Clean Title / Clean History,Automatic,4,2.4
673,7865864222,5000.0,0.8603515625,0.188232421875,0.2132568359375,0.032196044921875,0.71630859375,0.1629638671875,0.143798828125,0.13671875,0.11737060546875,0.69580078125,0.244384765625,2007,Honda,CR-V,,,Clean,,,
674,7865776036,8400.0,0.96435546875,0.427490234375,0.43408203125,0.1318359375,0.471923828125,0.28759765625,0.2071533203125,0.10479736328125,0.32275390625,0.818359375,0.80419921875,2006,Honda,CR-V,LX,107000,clean,Automatic,4,
675,7865674696,4600.0,0.93798828125,0.15576171875,0.357421875,0.01751708984375,0.6103515625,0.06927490234375,0.16015625,0.09375,0.1544189453125,0.7333984375,0.39306640625,2000,CRV,unknown,,,clean,,,
676,7865669899,10300.0,0.94921875,0.4560546875,0.39013671875,0.0721435546875,0.8095703125,0.422607421875,0.509765625,0.15380859375,0.36328125,0.568359375,0.3447265625,2012,HONDA,CR-V LX,LX,111000,,,,
677,7865668980,10995.0,0.83642578125,0.408203125,0.5859375,0.1710205078125,0.8369140625,0.302734375,0.360107421875,0.12054443359375,0.447998046875,0.62744140625,0.3447265625,2011,HONDA,CR-V LX,,77000,clean,,,
678,7865641771,8800.0,0.91455078125,0.120361328125,0.462890625,0.059600830078125,0.60986328125,0.2410888671875,0.369384765625,0.074462890625,0.1278076171875,0.58056640625,0.78759765625,2008,Honda,CR-V,LX,150000,Clean,Automatic,4,2.4
679,7865510252,4300.0,0.99267578125,0.09161376953125,0.19873046875,0.01201629638671875,0.33349609375,0.251953125,0.333984375,0.01335906982421875,0.061767578125,0.80322265625,0.309326171875,2001,Honda,CR-V Sport Utility 4D,,164500,,Automatic,4,2.0
680,7865373731,26000.0,0.89794921875,0.1153564453125,0.415283203125,0.0699462890625,0.57763671875,0.10296630859375,0.0888671875,0.0452880859375,0.1522216796875,0.78955078125,0.3193359375,2018,Honda,CR-V,Touring Edition,42616,,,4,
681,7865322933,24500.0,0.93115234375,0.112060546875,0.429443359375,0.06488037109375,0.83447265625,0.299072265625,0.1451416015625,0.36279296875,0.321533203125,0.6025390625,0.274658203125,2019,Honda,CR-V EX AWD,EX AWD,,clean,Continuously Variable Transmission (CVT),4,1.5
682,7865305386,25750.0,0.85205078125,0.218994140625,0.399169921875,0.2149658203125,0.83447265625,0.560546875,0.35302734375,0.09771728515625,0.72216796875,0.432373046875,0.15185546875,2022,Lexus,UX200,,53112,Clean,Automatic,4,2.0
683,7865202337,13000.0,0.79638671875,0.193603515625,0.3193359375,0.016387939453125,0.72900390625,0.344482421875,0.37158203125,0.1041259765625,0.2529296875,0.63134765625,0.383544921875,2014,Honda,CR-V,,115000,clean,Automatic,,
684,7865061776,9500.0,0.8876953125,0.12744140625,0.29736328125,0.04705810546875,0.275146484375,0.2939453125,0.2939453125,0.15234375,0.09185791015625,0.634765625,0.7490234375,2011,Honda,CRV,LX,114257,Clean Title,Front Wheel Drive,,
685,7865021063,4200.0,0.93408203125,0.370361328125,0.249267578125,0.0848388671875,0.362060546875,0.28564453125,0.390380859375,0.331298828125,0.2646484375,0.72900390625,0.65234375,,,,,,clean,,,
686,7864950364,10200.0,0.9326171875,0.21484375,0.458740234375,0.092529296875,0.4052734375,0.63720703125,0.291748046875,0.541015625,0.335693359375,0.66552734375,0.7333984375,2013,Honda,CRV LX,,,Clean,Automatic,,
687,7864921886,1.0,0.712890625,0.55908203125,0.32861328125,0.1397705078125,0.4140625,0.34375,0.221923828125,0.09906005859375,0.1114501953125,0.4658203125,0.59765625,2018,honda,crv,touring,131717,,,,
688,7864921695,1.0,0.72509765625,0.529296875,0.54931640625,0.401611328125,0.45849609375,0.35888671875,0.2177734375,0.7109375,0.438232421875,0.52001953125,0.57275390625,"['2018', '2018']","['Honda', 'Honda']","['CR-V Touring', 'Accord Sport 2.0T']","['Touring', 'Sport 2.0T']","[131717, 55600]",[],[],[],[]
689,7864827146,3500.0,0.8701171875,0.3408203125,0.197265625,0.0211181640625,0.72607421875,0.278076171875,0.275390625,0.28466796875,0.17822265625,0.4052734375,0.4736328125,2008,Honda,CR-V,,244000,clean,Manual,,
690,7864721807,10450.0,0.9443359375,0.31298828125,0.64013671875,0.11334228515625,0.74609375,0.28955078125,0.413330078125,0.233642578125,0.411376953125,0.57861328125,0.53759765625,2013,Honda,CR-V LX,LX,127512,Clean Title,Automatic,4,2.4
691,7864532371,2500.0,0.97314453125,0.07476806640625,0.2451171875,0.01641845703125,0.1793212890625,0.060516357421875,0.05078125,0.05096435546875,0.1363525390625,0.48193359375,0.38720703125,,,,,,,,,
692,7864471166,3000.0,0.9150390625,0.0202178955078125,0.152099609375,0.01995849609375,0.275390625,0.10528564453125,0.117431640625,0.0943603515625,0.0782470703125,0.52294921875,0.30517578125,,,,,,,,,
693,7863515585,3000.0,0.88427734375,0.08966064453125,0.143310546875,0.0193939208984375,0.4482421875,0.26171875,0.3359375,0.11492919921875,0.32275390625,0.416259765625,0.26025390625,2004,Honda,CR-V,,218000,,,,
694,7863338617,10400.0,0.630859375,0.2283935546875,0.5927734375,0.0802001953125,0.80859375,0.2059326171875,0.11553955078125,0.208740234375,0.5146484375,0.62890625,0.828125,2014,Honda,CRV LX,,59000,Branded/Salvage,,,
695,7863185124,9900.0,0.69970703125,0.2196044921875,0.6064453125,0.10150146484375,0.80615234375,0.2384033203125,0.2001953125,0.32568359375,0.26708984375,0.62255859375,0.452392578125,2016,Honda,HR-V Sport Utility SUV,,80000,Salvage,Automatic,4,1.8
696,7863128566,4500.0,0.7861328125,0.444091796875,0.394775390625,0.1533203125,0.48583984375,0.375732421875,0.314697265625,0.194580078125,0.275634765625,0.7021484375,0.5732421875,2002,Honda,CRV,,204110,Clean,Automatic,4,2.4
697,7862911087,7500.0,0.98583984375,0.0902099609375,0.43896484375,0.198486328125,0.56298828125,0.350830078125,0.57373046875,0.403564453125,0.316162109375,0.37744140625,0.336669921875,2014,Honda,Crv,,,Salvage,Automatic,,
698,7862905157,3900.0,0.93115234375,0.267333984375,0.3212890625,0.086181640625,0.2216796875,0.27099609375,0.1334228515625,0.025787353515625,0.058380126953125,0.63818359375,0.83837890625,2011,Honda,CR-V,,234568,,,,
699,7862591802,3750.0,0.98779296875,0.217529296875,0.443359375,0.037811279296875,0.459716796875,0.1505126953125,0.384521484375,0.035186767578125,0.260009765625,0.5107421875,0.8291015625,,CR-V,CR-V,,196000,clean,,,
700,7862365812,5495.0,0.9814453125,0.26318359375,0.2890625,0.026885986328125,0.62353515625,0.64208984375,0.2105712890625,0.2259521484375,0.26611328125,0.61962890625,0.370361328125,2010,Honda,CR-V EX-L,EX-L,199400,Clean,,,
701,7862364458,2800.0,0.98193359375,0.18896484375,0.354736328125,0.053497314453125,0.59619140625,0.139404296875,0.2274169921875,0.1767578125,0.430908203125,0.82275390625,0.7783203125,2001,Honda,CRV,,233000,Clean,,4,
702,7862293933,2900.0,0.984375,0.3232421875,0.36181640625,0.0704345703125,0.368896484375,0.138671875,0.1414794921875,0.10089111328125,0.2186279296875,0.63818359375,0.7392578125,Not available,,,,-1,clean,Automatic,-1,-1
703,7862023789,23000.0,0.79052734375,0.1544189453125,0.3037109375,0.10858154296875,0.6611328125,0.346923828125,0.370361328125,0.1934814453125,0.62890625,0.638671875,0.325439453125,Not available,Honda,Not available,,,clean,"Automatic (implied, but not explicitly stated)",,
704,7861786469,33500.0,0.912109375,0.29541015625,0.529296875,0.1995849609375,0.478515625,0.467041015625,0.420654296875,0.46630859375,0.47021484375,0.68115234375,0.65234375,2023,Honda,CR-V Hybrid AWD Sport Touring,Sport Touring,37100,,direct-drive,4,
705,7861585427,4700.0,0.98681640625,0.2998046875,0.48193359375,0.098876953125,0.41259765625,0.383056640625,0.170654296875,0.29736328125,0.29833984375,0.60400390625,0.34375,2010,HONDA,CRV,,253000,Clean Condition,Automatic,,
706,7861445589,13500.0,0.87939453125,0.127197265625,0.3896484375,0.06988525390625,0.7509765625,0.46923828125,0.35986328125,0.1722412109375,0.53564453125,0.591796875,0.80224609375,2014,Honda,CR-V (CRV),LX,97000,Clean Title,,,
707,7861031638,8500.0,0.7734375,0.24267578125,0.391357421875,0.040252685546875,0.375244140625,0.483154296875,0.341552734375,0.82080078125,0.197998046875,0.640625,0.59326171875,2008,Honda,CR-V Ex,Ex AWD,144230,clean,Automatic,4,2.4
708,7860308188,9500.0,0.646484375,0.2161865234375,0.457763671875,0.0364990234375,0.7080078125,0.281982421875,0.1790771484375,0.479248046875,0.41357421875,0.74169921875,0.53369140625,,Honda,CR-V,,,clean,,,
709,7860060509,16500.0,0.7734375,0.1522216796875,0.312255859375,0.04510498046875,0.59375,0.283935546875,0.626953125,0.356201171875,0.52099609375,0.5625,0.74658203125,2016,Honda,CR-V EX,EX,85000,,,,
710,7859963728,5500.0,0.78564453125,0.2266845703125,0.1180419921875,0.0248565673828125,0.654296875,0.0867919921875,0.047210693359375,0.031005859375,0.1727294921875,0.4775390625,0.5888671875,not available,CRV,not available,not available,not available,not available,Automatic,not available,not available
711,7859920018,5900.0,0.80224609375,0.0309600830078125,0.52099609375,0.0128936767578125,0.54248046875,0.2010498046875,0.1854248046875,0.08978271484375,0.450439453125,0.484130859375,0.416259765625,,,,,188000,clean,automatic,4,
712,7859253463,7999.0,0.8037109375,0.03912353515625,0.08544921875,0.01605224609375,0.208251953125,0.1806640625,0.106201171875,0.058837890625,0.10003662109375,0.759765625,0.2437744140625,2013,Honda,Cr-V,EXL AWD,373000,clean,,,
713,7859236986,12620.0,0.931640625,0.04998779296875,0.322265625,0.0244598388671875,0.341552734375,0.439697265625,0.371826171875,0.145751953125,0.10992431640625,0.55859375,0.7685546875,2012,Honda,CR-V,EX-L,,clean,,,
714,7859124150,6000.0,0.90185546875,0.076171875,0.1357421875,0.0109710693359375,0.418212890625,0.408935546875,0.126708984375,0.024322509765625,0.1824951171875,0.51171875,0.1513671875,,Honda,CRV,,,,Manual,,
715,7859121932,11900.0,0.8583984375,0.12493896484375,0.60888671875,0.04669189453125,0.388671875,0.1304931640625,0.11993408203125,0.231689453125,0.4619140625,0.68359375,0.258544921875,2016,Honda,CR-V,Special Edition,130000,,,,
716,7859040997,5200.0,0.92138671875,0.266357421875,0.357177734375,0.0501708984375,0.38232421875,0.3017578125,0.2349853515625,0.07598876953125,0.179443359375,0.7421875,0.6015625,,Honda,Crv,,,Clean,,,
717,7863104702,1.0,0.368896484375,0.1490478515625,0.296875,0.40771484375,0.147705078125,0.0165557861328125,0.025238037109375,0.1385498046875,0.032928466796875,0.445068359375,0.4775390625,"['99-02', '03-05', '96-99', '00-05', '99-01', '02-07']",['Honda'],"['Accord', 'Civic', 'Odyssey']",[],[],[],"['4spd', '5spd', 'Rebuilt']",[],[]
718,7863103472,1.0,0.279296875,0.1949462890625,0.2427978515625,0.375732421875,0.1373291015625,0.0035877227783203125,0.018798828125,0.0469970703125,0.1402587890625,0.491455078125,0.5927734375,99-02,Honda,Accord,,,,4spd,6,
719,7863103012,1.0,0.19677734375,0.183837890625,0.279052734375,0.331787109375,0.1693115234375,0.0100860595703125,0.022735595703125,0.0276031494140625,0.03375244140625,0.470947265625,0.7890625,99-02,Accord,,,,,4spd,6,
720,7858941166,5500.0,0.99072265625,0.28955078125,0.54345703125,0.0379638671875,0.427734375,0.432373046875,0.1697998046875,0.032379150390625,0.123291015625,0.56591796875,0.51171875,2010,Honda,CRV Ex,,979778,clean,Manual,,
721,7858891734,18400.0,0.9736328125,0.272705078125,0.451171875,0.0858154296875,0.433837890625,0.371337890625,0.4287109375,0.0960693359375,0.164794921875,0.65673828125,0.69775390625,2018,Honda,CRV,,76665,Clean Title,,,
722,7865911877,10800.0,0.44091796875,0.9521484375,0.68017578125,0.35205078125,0.2841796875,0.248291015625,0.11163330078125,0.173583984375,0.31396484375,0.72314453125,0.78515625,2013,BMW,128I Convertible Limited Edition,Limited Edition,125k,Clean,,6,
723,7862197714,1.0,0.19677734375,0.183837890625,0.279052734375,0.331787109375,0.1693115234375,0.0100860595703125,0.022735595703125,0.0276031494140625,0.03375244140625,0.470947265625,0.7890625,"['99-02', '03-05', '96-99', '00-05', '99-01', '02-07']","['Accord', 'Civic', 'Odyssey']","['Accord', 'Accord', 'Civic', 'Civic', 'Odyssey', 'Odyssey']","['3.0 V6', 'V6-4Cyl', '4Cyl', '4Cyl', '3.5 V6', '3.5 V6']",,Branded/Salvage,"['Automatic', 'Manual', 'Automatic', 'Automatic', 'Automatic', 'Automatic']","[6, 4, 4, 4, 6, 6]",
724,7858505585,18600.0,0.9541015625,0.4931640625,0.2359619140625,0.065185546875,0.5078125,0.28564453125,0.181884765625,0.343017578125,0.468994140625,0.5458984375,0.68896484375,2016,Honda,CRV,,30000,clean,,,
725,7865504228,4400.0,0.93994140625,0.399658203125,0.64892578125,0.12396240234375,0.37353515625,0.12274169921875,0.34716796875,0.11956787109375,0.1732177734375,0.7861328125,0.40771484375,2019,BMW,X5,,140000,clean,automatic,4,4.4
726,7865395343,13400.0,0.81103515625,0.444091796875,0.544921875,0.2880859375,0.60595703125,0.515625,0.65380859375,0.56396484375,0.51416015625,0.6904296875,0.59228515625,2019,Mercedes,GLA 250,4matic AWD 4x4,95000,clean,,,
727,7862536183,11200.0,0.92041015625,0.2174072265625,0.397705078125,0.07684326171875,0.5712890625,0.2342529296875,0.2210693359375,0.30322265625,0.192626953125,0.83203125,0.76171875,2019,Nissan,Pathfinder,,105000,clean,,,
728,7862196738,1.0,0.196044921875,0.1837158203125,0.27978515625,0.28076171875,0.1697998046875,0.0100860595703125,0.022735595703125,0.0276031494140625,0.03375244140625,0.470947265625,0.7890625,"['99-02', '03-05', '96-99', '00-05', '99-01', '02-07']","['Accord', 'Civic', 'Odyssey']","['4spd 3.0 V6 Accord', '5spd V6-4Cyl Accord', '4spd 4Cyl Civic', '4spd 4Cyl Civic', '4spd 3.5 V6 Odyssey', '5spd 3.5 V6 Odyssey']",[],[],['clean'],['Automatic'],[],[]
729,7859654962,13.0,0.6142578125,0.053192138671875,0.5576171875,0.06353759765625,0.6220703125,0.252197265625,0.2041015625,0.062347412109375,0.2467041015625,0.67578125,0.280029296875,2016,Honda,civic EX,EX,44000,clean,Automatic,,
730,7858505691,8999.0,0.94091796875,0.61962890625,0.7626953125,0.32275390625,0.7685546875,0.1318359375,0.34326171875,0.1370849609375,0.471923828125,0.68505859375,0.67529296875,2009,SUBARU,Outback SPORT edition,SPORT edition,,,,,
731,7867497707,5200.0,0.994140625,0.337158203125,0.5,0.04425048828125,0.291259765625,0.293212890625,0.18896484375,0.159912109375,0.7431640625,0.80126953125,0.8408203125,2015,Ford,Explorer Limited,Limited,211000,clean,Automatic,6,3.5
732,7867468116,9975.0,0.99267578125,0.2177734375,0.28857421875,0.042572021484375,0.294677734375,0.231689453125,0.279296875,0.3701171875,0.185302734375,0.57080078125,0.321533203125,NOT AVAILABLE,FORD,EXPLORER SPORT,,,clean,Automatic,,
733,7867425475,10500.0,0.99560546875,0.41552734375,0.440185546875,0.0614013671875,0.64892578125,0.29345703125,0.370361328125,0.169921875,0.181884765625,0.73046875,0.4033203125,2016,Ford,explorer,,140000,clean,,,
734,7867331714,1500.0,0.951171875,0.263916015625,0.455810546875,0.141845703125,0.2364501953125,0.0792236328125,0.08843994140625,0.11151123046875,0.08197021484375,0.59716796875,0.42333984375,,,,,10000,,Manual,,
735,7866747325,2000.0,0.95166015625,0.239990234375,0.344482421875,0.0390625,0.2235107421875,0.31640625,0.1319580078125,0.12103271484375,0.1343994140625,0.80810546875,0.319580078125,2002,Ford,Explorer,,171,clean,automatic,,
736,7866559606,1000.0,0.97802734375,0.1685791015625,0.361572265625,0.182373046875,0.11737060546875,0.02960205078125,0.05078125,0.1551513671875,0.1162109375,0.53466796875,0.82666015625,,,,,286000,clean,Automatic,,
737,7866257511,5000.0,0.99365234375,0.75732421875,0.6572265625,0.089111328125,0.57666015625,0.188720703125,0.634765625,0.77685546875,0.69140625,0.69091796875,0.74853515625,2012,Explorer,,,155013,clean,,,
738,7866114565,9000.0,0.97412109375,0.14013671875,0.32470703125,0.046722412109375,0.34521484375,0.377197265625,0.242919921875,0.1328125,0.294677734375,0.7412109375,0.6962890625,,,,,,clean,,,
739,7865780229,3000.0,0.97802734375,0.0264434814453125,0.1527099609375,0.007114410400390625,0.064453125,0.1390380859375,0.1165771484375,0.016876220703125,0.0738525390625,0.5478515625,0.363525390625,2003,Ford,Explorer Sport,Sport,169000,clean,automatic,6,
740,7865695540,18500.0,0.99755859375,0.045318603515625,0.264404296875,0.042572021484375,0.35107421875,0.50439453125,0.59521484375,0.63525390625,0.399658203125,0.33837890625,0.43359375,2017,Ford,Explorer,Platinum,88000,Clean,6-Speed SelectShift Automatic,6,3.5
741,7865357418,3250.0,0.99169921875,0.08123779296875,0.363525390625,0.0236053466796875,0.268310546875,0.34423828125,0.21044921875,0.2088623046875,0.28955078125,0.76025390625,0.56298828125,2002,Ford,Explorer,Limited,155000,Clean,Automatic,8,4.6
742,7865261428,2995.0,0.9921875,0.296630859375,0.33837890625,0.029571533203125,0.2071533203125,0.08660888671875,0.0592041015625,0.0576171875,0.04217529296875,0.77783203125,0.38671875,1999,Ford,Explorer,,,clean,,6,
743,7864980654,9999.0,0.92578125,0.0960693359375,0.23046875,0.0124053955078125,0.3837890625,0.52197265625,0.42578125,0.1722412109375,0.289794921875,0.50634765625,0.297607421875,Not available,Not available,Not available,Not available,74000,clean,Automatic,6,3.7
744,7864961766,3000.0,0.97216796875,0.37939453125,0.373779296875,0.0275115966796875,0.2437744140625,0.59716796875,0.286376953125,0.07122802734375,0.1461181640625,0.5556640625,0.353515625,2005,Ford,Explorer,,0,clean,,0,0.0
745,7864866767,2450.0,0.9921875,0.330078125,0.36474609375,0.03411865234375,0.385986328125,0.303466796875,0.262939453125,0.10321044921875,0.3134765625,0.65966796875,0.403076171875,2002,Ford,Explorer,XLT,225000,Clean California title,Automatic,,
746,7863773561,10500.0,0.9931640625,0.044403076171875,0.0616455078125,0.004398345947265625,0.1368408203125,0.1669921875,0.0665283203125,0.17529296875,0.24609375,0.466796875,0.296875,2016,Ford,Explorer,,0,clean,,4,
747,7863307835,6499.0,0.99658203125,0.10638427734375,0.390380859375,0.10333251953125,0.654296875,0.281005859375,0.5087890625,0.279296875,0.306884765625,0.78076171875,0.6103515625,,,,SEATED,,clean,,,
748,7862476687,2300.0,0.97119140625,0.1075439453125,0.346923828125,0.02593994140625,0.36376953125,0.2120361328125,0.365234375,0.042510986328125,0.1458740234375,0.6748046875,0.498291015625,2001,ford,Explorer,,,clean,,,
749,7862342680,17000.0,0.99658203125,0.217529296875,0.485107421875,0.03607177734375,0.145751953125,0.283935546875,0.2354736328125,0.12139892578125,0.1260986328125,0.53076171875,0.377685546875,2016,Ford,Explorer,Platinum,,clean,Automatic,,
750,7861964126,7800.0,0.99072265625,0.1563720703125,0.363525390625,0.03656005859375,0.387451171875,0.401611328125,0.408447265625,0.203857421875,0.2330322265625,0.71484375,0.625,2012,Ford,Explorer,XLT,130987,,6-Speed Selectshift Automatic,6,
751,7867439289,3000.0,0.908203125,0.08734130859375,0.4794921875,0.01279449462890625,0.037567138671875,0.1488037109375,0.09759521484375,0.1929931640625,0.08319091796875,0.66357421875,0.285888671875,1993,Ford,Explorer,Eddie Bauer,150000,Clean,Manual,,
752,7861589426,18500.0,0.9951171875,0.3486328125,0.372314453125,0.12335205078125,0.266357421875,0.480224609375,0.2822265625,0.4189453125,0.31005859375,0.63623046875,0.40966796875,2017,Ford,Explorer,Platinum,89k,,6 Speed SelectShift Automatic,6,3.5
753,7861492099,10750.0,0.99462890625,0.117431640625,0.4755859375,0.06878662109375,0.1990966796875,0.34033203125,0.1463623046875,0.234130859375,0.18017578125,0.75927734375,0.57421875,2016,Ford,Explorer XLT,XLT,130000,Clean,"Automatic, 6-Speed SelectShift",6,3.5
754,7861437501,18999.0,0.99755859375,0.0009102821350097656,0.006221771240234375,0.0017824172973632812,0.00811767578125,0.09564208984375,0.047332763671875,0.052825927734375,0.138427734375,0.4833984375,0.2900390625,,Ford,Explorer Limited,Limited,,,,,
755,7860941050,4900.0,0.998046875,0.1011962890625,0.482666015625,0.0157623291015625,0.1641845703125,0.39404296875,0.306884765625,0.157470703125,0.211181640625,0.53759765625,0.245361328125,Unknown,Unknown,Unknown,,165000,Clean,Automatic,,
756,7860825223,15500.0,0.97998046875,0.1229248046875,0.390625,0.044525146484375,0.52734375,0.27294921875,0.323486328125,0.2335205078125,0.26171875,0.71337890625,0.55126953125,2016,Ford,Explorer Sport platinum,Sport platinum,,clean,Automatic,,
757,7860707227,950.0,0.9638671875,0.4912109375,0.378173828125,0.1480712890625,0.264892578125,0.8974609375,0.455078125,0.297607421875,0.150634765625,0.630859375,0.66943359375,4,,,,,clean,Automatic,6,4.0
758,7864905870,1995.0,0.9306640625,0.2301025390625,0.78857421875,0.034576416015625,0.472412109375,0.55029296875,0.30712890625,0.0360107421875,0.599609375,0.564453125,0.4794921875,2003,Ford,Windstar Van,,163000,California Clean Title,Automatic,6,
759,7860198996,3200.0,0.9619140625,0.09246826171875,0.014862060546875,0.007228851318359375,0.084228515625,0.060455322265625,0.080078125,0.25927734375,0.15234375,0.463134765625,0.347900390625,2008,Ford,Explorer Sport Trac,XLT,,clean,Automatic,6,
760,7867175637,15999.0,0.96484375,0.1519775390625,0.1573486328125,0.11663818359375,0.1922607421875,0.396484375,0.2327880859375,0.01177978515625,0.06585693359375,0.75341796875,0.3408203125,2007,Chevrolet,Express 1500 Camper Van RV,,120k,Clean Title,Automatic,5.7,
761,7864974745,5950.0,0.69873046875,0.270751953125,0.95166015625,0.05023193359375,0.337158203125,0.685546875,0.2044677734375,0.0300750732421875,0.22412109375,0.63671875,0.72900390625,2003,Volvo,V70 Wagon,,73000,California Clean Title,Automatic,5,2.5
762,7864972219,2950.0,0.92626953125,0.267578125,0.69873046875,0.10693359375,0.65673828125,0.2159423828125,0.2091064453125,0.319580078125,0.43701171875,0.71728515625,0.52880859375,2006,Volvo,XC 90,,180000,Clean,Automatic,5,
763,7864971130,1950.0,0.74462890625,0.1259765625,0.54345703125,0.0452880859375,0.91064453125,0.311279296875,0.471923828125,0.1231689453125,0.392333984375,0.5234375,0.35986328125,2011,Nissan,Leaf,,66000,California Clean Title,Automatic FWD,,
764,7864913401,4250.0,0.4521484375,0.27587890625,0.7333984375,0.0288238525390625,0.56396484375,0.31982421875,0.2303466796875,0.149169921875,0.55419921875,0.71826171875,0.4345703125,2006,Toyota,Corolla LE,LE,201k,California Clean Title,Automatic,4,1.8
765,7864904785,4250.0,0.51708984375,0.107421875,0.490966796875,0.075927734375,0.6875,0.3115234375,0.39306640625,0.1776123046875,0.6083984375,0.525390625,0.42919921875,2008,Nissan,Altima Coupe S,S,174000,Clean,Manual,4,
766,7864876044,4950.0,0.57275390625,0.1624755859375,0.880859375,0.042724609375,0.55615234375,0.2144775390625,0.337158203125,0.12359619140625,0.466796875,0.7490234375,0.3466796875,2010,Volvo,V50 Wagon,,140000,California Clean Title,Automatic,5,2.4
767,7864874222,3950.0,0.87548828125,0.1585693359375,0.430908203125,0.0292510986328125,0.50927734375,0.33935546875,0.28857421875,0.263916015625,0.32421875,0.56640625,0.40283203125,2001,Subaru,Forester L,L,137000,California Clean Title,Automatic,4,2.5
768,7864873613,4250.0,0.9794921875,0.6005859375,0.6259765625,0.050933837890625,0.406005859375,0.4111328125,0.2342529296875,0.5869140625,0.411376953125,0.6865234375,0.337646484375,2005,Toyota,Tundra,SR5 Double Cab,290000,California Clean Title,Automatic,8,4.7
769,7864872236,3500.0,0.40087890625,0.88427734375,0.75048828125,0.1170654296875,0.224853515625,0.21044921875,0.1494140625,0.395751953125,0.6279296875,0.73974609375,0.38037109375,2001,Toyota,Camry Solara,,190000,California Clean Title,Automatic,6,3.0
770,7863467682,3450.0,0.56591796875,0.10797119140625,0.92626953125,0.394775390625,0.387451171875,0.36083984375,0.285400390625,0.022552490234375,0.29736328125,0.7421875,0.1763916015625,2008,Audi,A4,,165000,Clean California title,Automatic,4,2.0
771,7862625830,7000.0,0.60205078125,0.21484375,0.81591796875,0.053802490234375,0.10296630859375,0.134033203125,0.231201171875,0.12359619140625,0.320556640625,0.58251953125,0.112548828125,2010,BMW,750Li,,,,,,
772,7862536183,11200.0,0.92041015625,0.2174072265625,0.397705078125,0.07684326171875,0.5712890625,0.2342529296875,0.2210693359375,0.30322265625,0.192626953125,0.83203125,0.76171875,2019,Nissan,Pathfinder,,105000,clean,,,
773,7859947536,2977.0,0.98779296875,0.041290283203125,0.304443359375,0.00762176513671875,0.260498046875,0.33251953125,0.422119140625,0.09521484375,0.2841796875,0.556640625,0.3662109375,,,,,,clean,,8,
774,7865816966,2000.0,0.052642822265625,0.017913818359375,0.265380859375,0.00998687744140625,0.87646484375,0.1270751953125,0.1246337890625,0.1937255859375,0.2210693359375,0.4560546875,0.311279296875,Not specified,,,,147000,clean,Manual,,
775,7865662018,3799.0,0.10919189453125,0.2724609375,0.599609375,0.04583740234375,0.86181640625,0.326904296875,0.40673828125,0.23876953125,0.576171875,0.52734375,0.19091796875,2019,Ford,Focus,,38000,clean,Automatic,,
776,7865270181,4495.0,0.294189453125,0.253173828125,0.55078125,0.0723876953125,0.91455078125,0.2425537109375,0.177490234375,0.10870361328125,0.1385498046875,0.654296875,0.47509765625,2016,Ford,Focus,Ses!!!,,clean,,4,
777,7865270026,16000.0,0.408447265625,0.08099365234375,0.69482421875,0.10076904296875,0.9384765625,0.164306640625,0.11151123046875,0.427490234375,0.380615234375,0.69970703125,0.64599609375,2017,Ford,Focus ST,,80300,Clean,,2,2.0
778,7864992381,3999.0,0.63623046875,0.1534423828125,0.77978515625,0.0166473388671875,0.4208984375,0.4716796875,0.27734375,0.0312042236328125,0.2607421875,0.63671875,0.60009765625,2005,Ford,Focus,,58000,clean,,,
779,7864982461,4999.0,0.020751953125,0.350830078125,0.625,0.103759765625,0.587890625,0.1680908203125,0.1099853515625,0.0257720947265625,0.23291015625,0.58447265625,0.2457275390625,not available,not available,not available,not available,0,salvage,automatic,4,2.0
780,7864873277,2750.0,0.50146484375,0.157958984375,0.7822265625,0.025604248046875,0.646484375,0.474853515625,0.29248046875,0.055206298828125,0.5361328125,0.67626953125,0.4013671875,2007,Ford,Focus ZX4 SE,SE,155000,Clean,Automatic,4,2.0
781,7864830396,4000.0,0.354736328125,0.06573486328125,0.39013671875,0.054473876953125,0.826171875,0.1783447265625,0.12060546875,0.3115234375,0.263671875,0.423583984375,0.552734375,2012,FORD,FOCUS,TITANIUM,,CLEAN TITLE,,,
782,7864800590,6800.0,0.5771484375,0.27734375,0.68798828125,0.0408935546875,0.822265625,0.44775390625,0.321044921875,0.05096435546875,0.249755859375,0.552734375,0.4404296875,2017,Ford,Focus,Se Four-Cylinder,70000,Clean,Automatic,4,
783,7864798274,10400.0,0.60888671875,0.287841796875,0.482177734375,0.48828125,0.97265625,0.269775390625,0.280029296875,0.3662109375,0.3056640625,0.55712890625,0.81787109375,2013,Ford,Focus ST,ST,,,Manual,,
784,7864742086,1400.0,0.28515625,0.0966796875,0.63916015625,0.1341552734375,0.254150390625,0.07159423828125,0.0672607421875,0.5615234375,0.59375,0.59912109375,0.2384033203125,2003,Ford,Focus,,209000,clean,Automatic,,
785,7864646086,4900.0,0.29931640625,0.2384033203125,0.59912109375,0.08660888671875,0.88427734375,0.44921875,0.57666015625,0.0802001953125,0.3251953125,0.5810546875,0.67822265625,2015,Ford,Focus Electric,,,,,,
786,7864293437,6000.0,0.62744140625,0.1727294921875,0.60791015625,0.06536865234375,0.6337890625,0.333984375,0.328857421875,0.35986328125,0.1673583984375,0.580078125,0.42333984375,,,,,49604,,,,
787,7864224413,3999.0,0.10919189453125,0.2724609375,0.599609375,0.04583740234375,0.86181640625,0.326904296875,0.40673828125,0.23876953125,0.576171875,0.52734375,0.19091796875,2002,Ford,Focus,,38000,clean,Automatic,,
788,7864179827,3600.0,0.494140625,0.13720703125,0.486328125,0.10986328125,0.70556640625,0.3193359375,0.220703125,0.386474609375,0.232666015625,0.69970703125,0.18310546875,2014,Ford,Focus,Titanium,124000,clean,automatic,4,
789,7863966037,4200.0,0.3740234375,0.04400634765625,0.408447265625,0.01488494873046875,0.87744140625,0.1856689453125,0.111083984375,0.048797607421875,0.1600341796875,0.59130859375,0.349609375,2013,Focus,SE,,,clean,,,
790,7863840673,2500.0,0.218505859375,0.2763671875,0.471923828125,0.042022705078125,0.64404296875,0.3896484375,0.329345703125,0.0137176513671875,0.2548828125,0.5634765625,0.264892578125,5sp,Ford,Focus,zx3,144k,clean,manual,,
791,7863639750,5200.0,0.01395416259765625,0.0352783203125,0.365478515625,0.013397216796875,0.9296875,0.184326171875,0.2052001953125,0.1783447265625,0.397705078125,0.2366943359375,0.1732177734375,2014,Ford,Focus,Titanium,,,,,
792,7863606168,1250.0,0.1842041015625,0.2034912109375,0.7041015625,0.2154541015625,0.60498046875,0.478515625,0.42236328125,0.1402587890625,0.1790771484375,0.410888671875,0.423095703125,,,,,,,,,
793,7862910886,5500.0,0.732421875,0.158203125,0.6123046875,0.1343994140625,0.96337890625,0.3671875,0.642578125,0.098876953125,0.260986328125,0.65966796875,0.6767578125,2015,Ford,Focus hatchback,,,branded/salvage,Automatic,4,
794,7862896176,2500.0,0.218505859375,0.2763671875,0.471923828125,0.042022705078125,0.64404296875,0.3896484375,0.329345703125,0.0137176513671875,0.2548828125,0.5634765625,0.264892578125,Not available,Ford,Focus,zx3,144000,clean,Manual,Not available,Not available
795,7862817358,2150.0,0.430419921875,0.453125,0.7822265625,0.335693359375,0.548828125,0.2147216796875,0.404052734375,0.26123046875,0.55224609375,0.63037109375,0.79296875,2000,Ford,Focus ZX3,,208000,Clean Title,Manual,,
796,7862443634,7250.0,0.408935546875,0.235595703125,0.58447265625,0.101318359375,0.927734375,0.32373046875,0.2413330078125,0.2666015625,0.28369140625,0.7138671875,0.67236328125,2014,Ford,Focus,SE,66870,clean,Manual,,
797,7862442450,3500.0,0.35546875,0.061676025390625,0.6201171875,0.0635986328125,0.849609375,0.20068359375,0.203125,0.1768798828125,0.458984375,0.5205078125,0.453857421875,,Ford,Focus,,120000,branded/ salvage,,,
798,7862047498,3000.0,0.1756591796875,0.30810546875,0.53125,0.03033447265625,0.50927734375,0.373779296875,0.379638671875,0.04803466796875,0.155029296875,0.43603515625,0.211181640625,,,,,,Clean,Manual/Automatic (may need replacement),,
799,7862023220,2000.0,0.60693359375,0.072509765625,0.61669921875,0.02667236328125,0.75830078125,0.260498046875,0.346923828125,0.50927734375,0.57275390625,0.75927734375,0.25830078125,2015,Ford,Focus,,,,,,
800,7861792991,5800.0,0.47998046875,0.378662109375,0.49560546875,0.08563232421875,0.89599609375,0.335205078125,0.412841796875,0.254638671875,0.56005859375,0.7998046875,0.68408203125,2014,Ford,FocusSE Hatchback 4D,SE,76314,clean,Automatic,4,
801,7861733774,2300.0,0.315673828125,0.1611328125,0.66162109375,0.039886474609375,0.87255859375,0.47900390625,0.499267578125,0.41943359375,0.70263671875,0.529296875,0.35107421875,2002,ford,focus Zx3 hatchback,Zx3,184000,clean,Manual,4,2.0
802,7861687420,5500.0,0.7763671875,0.1861572265625,0.669921875,0.07281494140625,0.62890625,0.40771484375,0.67333984375,0.2587890625,0.15380859375,0.76171875,0.73388671875,not available,Ford,Focus,not available,low miles,clean,not available,not available,not available
803,7861595989,3500.0,0.6279296875,0.3740234375,0.5947265625,0.08160400390625,0.7314453125,0.50439453125,0.470947265625,0.1204833984375,0.11456298828125,0.63671875,0.37158203125,2004,Ford,Focus SE,SE,103000,Clean,Manual,4,2.3
804,7861539247,3950.0,0.5595703125,0.25732421875,0.63232421875,0.10205078125,0.73095703125,0.48046875,0.39208984375,0.1798095703125,0.3955078125,0.70947265625,0.61865234375,,,,,,clean,Manual,,
805,7861508865,2800.0,0.284912109375,0.090576171875,0.64892578125,0.03436279296875,0.3984375,0.324462890625,0.1103515625,0.1881103515625,0.40185546875,0.42724609375,0.20068359375,2016,Ford,Focus,,124000,clean,Automatic,,
806,7861398315,2500.0,0.26123046875,0.6923828125,0.488037109375,0.0269622802734375,0.701171875,0.290771484375,0.1236572265625,0.05224609375,0.269775390625,0.5625,0.314697265625,2007,Ford,Focus,,,clean,Automatic,4,
807,7861090295,6800.0,0.437744140625,0.202392578125,0.67822265625,0.02032470703125,0.82373046875,0.196044921875,0.1480712890625,0.083984375,0.197265625,0.52880859375,0.470458984375,2015,Ford,Focus SE,SE,69000,CLEAN TITLE,Automatic,,
808,7861045268,3999.0,0.80908203125,0.2451171875,0.62060546875,0.1710205078125,0.6689453125,0.3955078125,0.72705078125,0.1767578125,0.487060546875,0.5908203125,0.6240234375,2013,Ford,Focus,,132000,Clean title,Automatic,,
809,7860979056,2900.0,0.44482421875,0.1707763671875,0.80810546875,0.069580078125,0.693359375,0.1326904296875,0.315673828125,0.085693359375,0.26806640625,0.6904296875,0.70751953125,unknown,,,,,clean,,,
810,7860627912,2200.0,0.64697265625,0.08221435546875,0.7841796875,0.02813720703125,0.326171875,0.209228515625,0.45703125,0.05291748046875,0.509765625,0.6162109375,0.2269287109375,,,,,,clean,,,
811,7865357418,3250.0,0.99169921875,0.08123779296875,0.363525390625,0.0236053466796875,0.268310546875,0.34423828125,0.21044921875,0.2088623046875,0.28955078125,0.76025390625,0.56298828125,2002,Ford,Explorer,Limited,155000,clean,Automatic,8,
812,7864904980,4750.0,0.671875,0.2646484375,0.94873046875,0.1123046875,0.1075439453125,0.1854248046875,0.22021484375,0.0254058837890625,0.0723876953125,0.7734375,0.261474609375,2007,Ford,Crown Victoria,LX,115000,Clean,Automatic,,
813,7864866767,2450.0,0.9921875,0.330078125,0.36474609375,0.03411865234375,0.385986328125,0.303466796875,0.262939453125,0.10321044921875,0.3134765625,0.65966796875,0.403076171875,2002,Ford,Explorer,XLT,225000,Clean,Automatic,6,4.0
814,7864866240,4950.0,0.97900390625,0.366943359375,0.335205078125,0.038665771484375,0.2144775390625,0.21728515625,0.174560546875,0.0347900390625,0.0916748046875,0.71435546875,0.366455078125,2004,Ford,F-150,,240000,branded/salvage,Automatic,,
815,7859749620,5500.0,0.1119384765625,0.05718994140625,0.441650390625,0.01055145263671875,0.96337890625,0.2154541015625,0.60205078125,0.07733154296875,0.401123046875,0.474365234375,0.310546875,2013,Ford,Focus,Titanium Hatchback,72000,,Automatic,,
816,7859717347,999.0,0.439208984375,0.8984375,0.7158203125,0.1153564453125,0.38427734375,0.29736328125,0.401611328125,0.198974609375,0.50634765625,0.78955078125,0.78515625,"['2010', '2010', '2005']","['Ford', 'Ford', 'Lexus']","['Fusion', 'Fusion', '']",[''],"[300000, 150000, 330000]","['branded/salvage', 'branded/salvage', 'clean']","['Automatic', 'automatic', '']",['6'],['']
817,7859519451,5250.0,0.10235595703125,0.380126953125,0.51904296875,0.0201568603515625,0.59814453125,0.26708984375,0.465087890625,0.120849609375,0.20556640625,0.6279296875,0.2237548828125,2010,Ford,Focus,,101000,clean,automatic,,
818,7859115931,3200.0,0.56640625,0.123779296875,0.61962890625,0.050079345703125,0.5849609375,0.41845703125,0.47412109375,0.2291259765625,0.5048828125,0.33203125,0.44580078125,,,,,,clean,,,
819,7858760996,3500.0,0.57666015625,0.11370849609375,0.32080078125,0.059478759765625,0.84716796875,0.1658935546875,0.15625,0.06805419921875,0.2032470703125,0.55712890625,0.290771484375,,,,,74,,,,
820,7865911877,10800.0,0.44091796875,0.9521484375,0.68017578125,0.35205078125,0.2841796875,0.248291015625,0.11163330078125,0.173583984375,0.31396484375,0.72314453125,0.78515625,2013,BMW,128I Convertible Limited Edition,Limited Edition,125k,Clean,,6,
821,7865686684,4800.0,0.28759765625,0.054351806640625,0.93017578125,0.033477783203125,0.411865234375,0.426025390625,0.157958984375,0.075927734375,0.1658935546875,0.62890625,0.1802978515625,2010,Honda,Civic,,162680,clean,Automatic,,
822,7865002874,3750.0,0.46826171875,0.2294921875,0.95263671875,0.04962158203125,0.32421875,0.2442626953125,0.1751708984375,0.2476806640625,0.3681640625,0.7109375,0.552734375,2006,Toyota,Camry Le,Le,225000,Clean,Automatic,4,2.4
823,7864906902,4500.0,0.98291015625,0.1114501953125,0.322021484375,0.06390380859375,0.61181640625,0.410400390625,0.3544921875,0.1427001953125,0.41943359375,0.6494140625,0.4921875,2007,Chevy,Tahoe LS SUV,LS,149k,Clean,Automatic,,
824,7864905195,3950.0,0.52783203125,0.365234375,0.724609375,0.0718994140625,0.413330078125,0.3193359375,0.1683349609375,0.0987548828125,0.697265625,0.630859375,0.5654296875,2007,Toyota,Scion Tc Coupe,,130000,Clean,Automatic,,
825,7864874967,4750.0,0.47314453125,0.0531005859375,0.43310546875,0.035003662109375,0.86083984375,0.2288818359375,0.330810546875,0.1458740234375,0.48583984375,0.67529296875,0.420654296875,2006,Toyota,Corolla Matrix Hatchback,,175000,Clean,Automatic,4,1.8
826,7864869317,8950.0,0.36767578125,0.84228515625,0.52587890625,0.76904296875,0.367431640625,0.270263671875,0.4970703125,0.11767578125,0.7998046875,0.78125,0.32421875,2005,Lexus,Sc430 Convertible,Pebble Beach Edition,170000,Clean,Automatic,8,4.3
827,7864868994,4750.0,0.9560546875,0.51904296875,0.054046630859375,0.055938720703125,0.055389404296875,0.09796142578125,0.07867431640625,0.0784912109375,0.7109375,0.5791015625,0.328125,2000,Toyota,Tundra,SR5,212000,Clean,Automatic,8,4.7
828,7864867698,1495.0,0.073974609375,0.031463623046875,0.38330078125,0.02691650390625,0.8388671875,0.2265625,0.294921875,0.045318603515625,0.324462890625,0.365234375,0.359619140625,2008,Kia,Rio,,144000,Clean California title,5spd Manual Transmission,,
829,7864867540,4250.0,0.3056640625,0.420166015625,0.896484375,0.08056640625,0.310791015625,0.27978515625,0.28955078125,0.240478515625,0.5615234375,0.71630859375,0.234375,2007,Lexus,Is350,,205000,clean,Automatic,6,
830,7864865493,2450.0,0.5009765625,0.424072265625,0.90478515625,0.4326171875,0.199951171875,0.56640625,0.391357421875,0.02752685546875,0.465576171875,0.681640625,0.395263671875,1994,Infiniti,Q45,,175000,Clean California title,Automatic,8,
831,7859963600,6200.0,0.387939453125,0.164306640625,0.4677734375,0.0533447265625,0.900390625,0.4345703125,0.461181640625,0.280517578125,0.205322265625,0.482421875,0.4462890625,2018,Ford,Focus,SE,93000,,automatic,,
832,7859869556,6500.0,0.720703125,0.057098388671875,0.5732421875,0.04705810546875,0.79638671875,0.251220703125,0.12841796875,0.318359375,0.2587890625,0.367919921875,0.7607421875,2017,Ford,Fiesta,,62000,Clean Title,Automatic,,
833,7861700730,4250.0,0.38818359375,0.25537109375,0.35009765625,0.10015869140625,0.7783203125,0.533203125,0.400146484375,0.08148193359375,0.327392578125,0.62158203125,0.2181396484375,2014,Chevy,Sonic Lt,,67000,Clean,Automatic,,
834,7861582121,2950.0,0.7080078125,0.890625,0.32275390625,0.0496826171875,0.276123046875,0.1949462890625,0.1939697265625,0.1781005859375,0.292724609375,0.79931640625,0.470703125,1999,DODGE,RAM 1500,Laramie Edition,440000,Clean,Automatic,8,5.2
835,7858505691,8999.0,0.94091796875,0.61962890625,0.7626953125,0.32275390625,0.7685546875,0.1318359375,0.34326171875,0.1370849609375,0.471923828125,0.68505859375,0.67529296875,2009,SUBARU,Outback,SPORT,,,,,
836,7866207712,5755.0,0.260009765625,0.11529541015625,0.72900390625,0.2001953125,0.29931640625,0.08941650390625,0.1080322265625,0.236083984375,0.281494140625,0.440185546875,0.2445068359375,Not available,,,Not available,9,clean,Not available,6,3.6
837,7865439123,49000.0,0.37060546875,0.91943359375,0.57177734375,0.71435546875,0.51025390625,0.408203125,0.5888671875,0.0270843505859375,0.1968994140625,0.77783203125,0.66552734375,1966,Chevrolet,Impala,,56000,,,,
838,7865330015,39500.0,0.6064453125,0.96728515625,0.443603515625,0.6337890625,0.300537109375,0.1756591796875,0.49755859375,0.1790771484375,0.469970703125,0.853515625,0.5498046875,1969,Chevrolet,Impala Convertible SS 427,,,,,,
839,7862620164,4900.0,0.90283203125,0.57666015625,0.9306640625,0.173095703125,0.43017578125,0.2235107421875,0.3515625,0.595703125,0.1510009765625,0.662109375,0.60693359375,2012,Chevrolet,Impala,V6 VVT direct injector,96000,Clean,,6,
840,7862014431,55000.0,0.71533203125,0.67431640625,0.473388671875,0.7119140625,0.264404296875,0.135498046875,0.287353515625,0.07861328125,0.230224609375,0.6455078125,0.7568359375,1966,Chevrolet,Impala SS 396 convertible,,,clean,Manual/Automatic (Turbo 400),8,
841,7861849308,22500.0,0.498291015625,0.54052734375,0.9423828125,0.327392578125,0.6630859375,0.1884765625,0.1483154296875,0.71875,0.142333984375,0.8837890625,0.71142578125,1994,Chevrolet,SS,Police Spec,50251,clean,Automatic,8,5.7
842,7866200613,10000.0,0.487548828125,0.2376708984375,0.6953125,0.8232421875,0.366943359375,0.06036376953125,0.54638671875,0.020904541015625,0.08331298828125,0.73291015625,0.80712890625,95,Impala SS,,,,clean,Manual,,
843,7866179862,2950.0,0.2203369140625,0.10089111328125,0.96630859375,0.07733154296875,0.1834716796875,0.12890625,0.10205078125,0.0496826171875,0.1224365234375,0.71923828125,0.44091796875,3.5,,Impala,,138000,,Automatic,6,3.5
844,7865624063,35000.0,0.07489013671875,0.6796875,0.385009765625,0.6875,0.1585693359375,0.572265625,0.29052734375,0.0235748291015625,0.341064453125,0.66845703125,0.491943359375,1965,Chevy,Impala Super Sport,,,clean,power glide,327,
845,7865599952,10.0,0.259033203125,0.74365234375,0.429931640625,0.40185546875,0.11468505859375,0.216796875,0.5986328125,0.04241943359375,0.485595703125,0.7099609375,0.471435546875,1960,Chevy,Impala,,,clean,,,
846,7865178583,30000.0,0.2423095703125,0.943359375,0.5234375,0.430908203125,0.129638671875,0.0217742919921875,0.1766357421875,0.2293701171875,0.1766357421875,0.78466796875,0.255859375,1964,Chevy,Impala,,,Clean California Title,,,
847,7865114891,2500.0,0.4853515625,0.2410888671875,0.93701171875,0.03302001953125,0.578125,0.18408203125,0.2314453125,0.0791015625,0.1807861328125,0.55810546875,0.480224609375,not available,Impala,not available,,160000,clean,Automatic,6,3.9
848,7860058543,49000.0,0.10333251953125,0.6142578125,0.484130859375,0.485595703125,0.04241943359375,0.13037109375,0.1680908203125,0.072265625,0.40478515625,0.61474609375,0.30322265625,1966,Chevrolet,Impala,,,clean,automatic,8,2.83
849,7864691658,26500.0,0.2685546875,0.70361328125,0.45947265625,0.640625,0.27587890625,0.131591796875,0.23828125,0.1746826171875,0.400634765625,0.822265625,0.68310546875,1964,Chevrolet,Impala,,,,700R (swap),8,
850,7863568538,7000.0,0.273193359375,0.56689453125,0.75,0.396484375,0.2457275390625,0.14697265625,0.533203125,0.110107421875,0.284423828125,0.734375,0.81982421875,1965,Chevy,Impala,,,clean,Manual,8,
851,7863326028,8500.0,0.62744140625,0.388916015625,0.9248046875,0.08343505859375,0.58935546875,0.168212890625,0.190673828125,0.449951171875,0.23486328125,0.826171875,0.83349609375,2014,Chevy,Impala Limited,,77000,Clean Title,,,
852,7862090417,6000.0,0.57568359375,0.361328125,0.81103515625,0.323974609375,0.419677734375,0.1036376953125,0.03509521484375,0.1275634765625,0.14892578125,0.71923828125,0.54443359375,,,,,,Clean,,,
853,7862088839,59500.0,0.58154296875,0.9697265625,0.2529296875,0.337890625,0.359130859375,0.13037109375,0.2052001953125,0.42138671875,0.1622314453125,0.7119140625,0.5078125,1964,Impala,,,,,Automatic,8,
854,7861946939,123456789.0,0.35595703125,0.65234375,0.308837890625,0.32861328125,0.3583984375,0.10858154296875,0.4326171875,0.168701171875,0.311767578125,0.45849609375,0.6123046875,1960,Chevy,Impala Convertible,,,,2 SPD Power glide automatic,8,
855,7861809679,92000.0,0.266357421875,0.78125,0.489501953125,0.52099609375,0.2174072265625,0.18994140625,0.2119140625,0.06597900390625,0.2159423828125,0.7646484375,0.71630859375,,Chevrolet,C10 Blazer,Rat Rod/ Hot Rod/ F450 Bagger,,,Manual (4 speed),8,
856,7864972219,2950.0,0.92626953125,0.267578125,0.69873046875,0.10693359375,0.65673828125,0.2159423828125,0.2091064453125,0.319580078125,0.43701171875,0.71728515625,0.52880859375,2006,Volvo,XC 90,,180000,Clean,Automatic,5,2.5
857,7861613891,54998.0,0.2437744140625,0.8076171875,0.6435546875,0.74755859375,0.383544921875,0.445556640625,0.3310546875,0.064453125,0.3173828125,0.74755859375,0.6787109375,1965,Impala,SS Hard Top,,3000,clean,Automatic,8,
858,7864307232,21500.0,0.371826171875,0.91064453125,0.289794921875,0.71875,0.1444091796875,0.330322265625,0.73291015625,0.27197265625,0.32373046875,0.56298828125,0.75341796875,1965,Ford,Mustang,,108000,Clean,3 Speed Automatic,6,
859,7863467682,3450.0,0.56591796875,0.10797119140625,0.92626953125,0.394775390625,0.387451171875,0.36083984375,0.285400390625,0.022552490234375,0.29736328125,0.7421875,0.1763916015625,2008,Audi,A4,,165000,Clean California title,Automatic,4,
860,7860301947,8000.0,0.0733642578125,0.06243896484375,0.92724609375,0.1361083984375,0.497802734375,0.12225341796875,0.10455322265625,0.08685302734375,0.25732421875,0.444580078125,0.499267578125,303hp engine,,,,70000,Clean Title,Automatic 6-speed transmission,,
861,7862627940,12500.0,0.198486328125,0.875,0.65087890625,0.64599609375,0.1451416015625,0.061309814453125,0.11273193359375,0.0216064453125,0.127685546875,0.76708984375,0.6376953125,1956,Chrysler,ST REGIS,,,,Push button auto transmission,354,
862,7859247688,1500.0,0.63134765625,0.568359375,0.86669921875,0.111328125,0.297607421875,0.406005859375,0.6357421875,0.2330322265625,0.396484375,0.78369140625,0.6748046875,2004,Chevy,Impala,,,branded/salvage,,,
863,7861107297,25.0,0.44677734375,0.673828125,0.276611328125,0.9169921875,0.6328125,0.183837890625,0.25146484375,0.037567138671875,0.1212158203125,0.796875,0.5537109375,1936,Chevrolet,Town Sedan,,,Clean,Manual,6,
864,7860475908,4900.0,0.7451171875,0.3369140625,0.95751953125,0.296142578125,0.406494140625,0.41943359375,0.363525390625,0.68310546875,0.51220703125,0.7431640625,0.5546875,2004,Cadillac,Deville,,,clean,,,
865,7863923978,10500.0,0.80859375,0.4580078125,0.27783203125,0.0860595703125,0.0513916015625,0.050445556640625,0.12103271484375,0.053863525390625,0.12103271484375,0.71923828125,0.193603515625,2016,GMC,HARBOR UTILITY BED,,137000,,,,
866,7858505691,8999.0,0.94091796875,0.61962890625,0.7626953125,0.32275390625,0.7685546875,0.1318359375,0.34326171875,0.1370849609375,0.471923828125,0.68505859375,0.67529296875,2009,SUBARU,Outback,SPORT edition,,,,,
867,7867217081,8499.0,0.919921875,0.8671875,0.697265625,0.134033203125,0.5087890625,0.27587890625,0.3603515625,0.494140625,0.5419921875,0.63330078125,0.458251953125,2013,Volkswagen,Jetta GLI Autobahn Sedan 4D,GLI Autobahn,,clean,Auto 6-Spd DSG,4,2.0
868,7866821994,2895.0,0.625,0.5146484375,0.806640625,0.159423828125,0.83935546875,0.51220703125,0.451416015625,0.11517333984375,0.30224609375,0.67138671875,0.8671875,Not specified,"TDI (not explicitly stated as a make, but likely referring to a Volkswagen model)",Not specified,,,Clean,Automatic (6-speed DSG dual-clutch),4,
869,7866783697,1850.0,0.25537109375,0.2113037109375,0.818359375,0.037200927734375,0.387451171875,0.147705078125,0.12078857421875,0.0225982666015625,0.259033203125,0.60302734375,0.34326171875,2010,VW,Jetta,,,Branded/ Salvage,,,
870,7866581473,10900.0,0.10076904296875,0.0565185546875,0.80078125,0.3251953125,0.329833984375,0.1846923828125,0.1329345703125,0.07373046875,0.29052734375,0.334228515625,0.2685546875,2021,VW,Jetta,,77000,Clean title,Automatic,4,
871,7866539706,6500.0,0.80419921875,0.8447265625,0.5439453125,0.05914306640625,0.6064453125,0.325439453125,0.45556640625,0.28271484375,0.302001953125,0.7490234375,0.5263671875,,Volkswagen,Jetta TDI wagon,,,Clean,Manual,,
872,7866430576,1500.0,0.05157470703125,0.1328125,0.85205078125,0.122802734375,0.5634765625,0.08782958984375,0.45849609375,0.14697265625,0.1397705078125,0.58251953125,0.353515625,2018,,,,180000,clean,Manual,,
873,7866312641,3200.0,0.1943359375,0.227294921875,0.72265625,0.0682373046875,0.447265625,0.11297607421875,0.2110595703125,0.474365234375,0.560546875,0.31298828125,0.354736328125,2009,VW,Jetta,,178000,clean,,5,2.5
874,7866156715,5000.0,0.48583984375,0.2900390625,0.89697265625,0.07733154296875,0.6640625,0.320068359375,0.71044921875,0.45458984375,0.6982421875,0.5537109375,0.75439453125,Not available,Not available,Not available,,0,clean,,,
875,7866049928,8900.0,0.7041015625,0.3125,0.923828125,0.21728515625,0.306884765625,0.2281494140625,0.119140625,0.12939453125,0.1837158203125,0.74560546875,0.552734375,2014,Volkswagen,Jetta GLI,GLI,100000,clean,DSG,2,
876,7865924680,3500.0,0.6181640625,0.11334228515625,0.82470703125,0.098876953125,0.1689453125,0.2890625,0.18212890625,0.0511474609375,0.3779296875,0.46875,0.32470703125,,,,,,,,,
877,7865794323,2000.0,0.138916015625,0.1927490234375,0.7783203125,0.0283660888671875,0.3857421875,0.441162109375,0.427734375,0.09857177734375,0.1929931640625,0.4111328125,0.447509765625,2008,Jetta,Jet,,,clean,,,
878,7865532407,6500.0,0.845703125,0.173583984375,0.8271484375,0.09588623046875,0.283203125,0.1978759765625,0.141845703125,0.58154296875,0.56591796875,0.66455078125,0.67919921875,unknown,,,,27,clean,Manual,,
879,7865236537,6200.0,0.5498046875,0.2197265625,0.71728515625,0.03460693359375,0.8828125,0.311767578125,0.31005859375,0.049713134765625,0.177734375,0.61328125,0.247314453125,2013,Volkswagen,JETTA,,,,Automatic,4,
880,7865124150,7500.0,0.365966796875,0.1593017578125,0.70556640625,0.035675048828125,0.311767578125,0.303955078125,0.1002197265625,0.225830078125,0.193115234375,0.814453125,0.76953125,2015,Volkswagen,Jetta TDI,SE with connectivity model,,,,,
881,7864742007,3000.0,0.454345703125,0.268310546875,0.83935546875,0.06341552734375,0.54150390625,0.443359375,0.541015625,0.2509765625,0.388916015625,0.7119140625,0.25146484375,2014,Volkswagen,Jetta,,135000,,,,
882,7864038066,2000.0,0.5419921875,0.474609375,0.728515625,0.127685546875,0.9384765625,0.57470703125,0.5546875,0.473388671875,0.294921875,0.69873046875,0.8046875,,,,,118000,clean,,,
883,7862703560,6500.0,0.1722412109375,0.1341552734375,0.57373046875,0.1722412109375,0.7255859375,0.059661865234375,0.035064697265625,0.016021728515625,0.046356201171875,0.8115234375,0.32763671875,1991,vw,Jetta,,200800,clean,,,
884,7862378602,7700.0,0.43505859375,0.312744140625,0.66455078125,0.211669921875,0.7822265625,0.54931640625,0.48388671875,0.298828125,0.66162109375,0.378173828125,0.79931640625,2012,VW,Jetta,TDI Sport Wagon,113000,clean,,4,
885,7867548908,3500.0,0.1468505859375,0.061248779296875,0.56787109375,0.11700439453125,0.355224609375,0.0941162109375,0.048797607421875,0.360595703125,0.33349609375,0.340087890625,0.362060546875,2006,Volkswagen,Jetta,,130,clean,Manual,5,2.5
886,7867371276,1.0,0.308837890625,0.1624755859375,0.66845703125,0.11517333984375,0.4775390625,0.361083984375,0.255859375,0.141845703125,0.1693115234375,0.55517578125,0.7451171875,,,,,185000,clean,,,
887,7867296059,6000.0,0.8125,0.25341796875,0.56201171875,0.248779296875,0.75439453125,0.269287109375,0.30517578125,0.8671875,0.634765625,0.41650390625,0.68896484375,2015,,,,71000,clean,,,
888,7867179660,4900.0,0.50390625,0.5625,0.6708984375,0.077880859375,0.4443359375,0.7021484375,0.1510009765625,0.02752685546875,0.1590576171875,0.79833984375,0.410888671875,2010,Volkswagen,Jetta,,61372,clean,,,
889,7866968497,10000.0,0.54736328125,0.6181640625,0.5576171875,0.07244873046875,0.5576171875,0.6513671875,0.3056640625,0.374267578125,0.3203125,0.64306640625,0.77099609375,2013,VW,GLI,,104955,clean,,,
890,7866874790,4100.0,0.60546875,0.80126953125,0.8642578125,0.421875,0.65673828125,0.484619140625,0.276123046875,0.8505859375,0.556640625,0.599609375,0.80029296875,2012,VW,Jetta 2.5l SE,SE,195842,Clean,,0,0
891,7861586737,6800.0,0.5654296875,0.2330322265625,0.7578125,0.1856689453125,0.494873046875,0.1766357421875,0.1561279296875,0.08953857421875,0.2568359375,0.791015625,0.6328125,,,limited edition,,,clean,,,
892,7866727818,8400.0,0.4453125,0.1160888671875,0.5556640625,0.0941162109375,0.9580078125,0.317626953125,0.64990234375,0.1485595703125,0.1737060546875,0.415771484375,0.493896484375,2012,VW,Jetta Sportwagen,2.0 TDI Diesel,,clean,,4,
893,7866545915,10000.0,0.529296875,0.176513671875,0.351806640625,0.1270751953125,0.54052734375,0.83642578125,0.1268310546875,0.054351806640625,0.1622314453125,0.60302734375,0.233154296875,2017,Volkswagen,Jetta TSI,,120731,clean,,,
894,7866160125,5500.0,0.464599609375,0.0491943359375,0.931640625,0.0175628662109375,0.2587890625,0.200439453125,0.25732421875,0.251953125,0.377685546875,0.560546875,0.2666015625,2014,Volkswagen,Jetta,,147435,clean,,,
895,7866058970,5800.0,0.54638671875,0.42333984375,0.46630859375,0.1297607421875,0.90087890625,0.5224609375,0.402099609375,0.07025146484375,0.1488037109375,0.4892578125,0.755859375,2008,Volkswagon,Rabbit,,103000,Clean,Manual,5,2.5
896,7865159642,9500.0,0.483154296875,0.6884765625,0.646484375,0.2138671875,0.78369140625,0.55517578125,0.381591796875,0.1612548828125,0.5302734375,0.4296875,0.83935546875,2014,,,,,clean,Manual,,
897,7860716262,3200.0,0.05487060546875,0.25390625,0.69677734375,0.04119873046875,0.339599609375,0.07391357421875,0.1424560546875,0.221923828125,0.5107421875,0.287353515625,0.34716796875,,Jetta,Jet,,,clean,,,
898,7864811279,4300.0,0.64453125,0.1324462890625,0.80029296875,0.275390625,0.3798828125,0.168212890625,0.25244140625,0.07012939453125,0.329345703125,0.6806640625,0.4892578125,2009,VW,Jetta SE 2.5L,SE PZEV Sedan,129500,,Automatic w/ manual shift mode,5,2.5
899,7864665833,5995.0,0.194580078125,0.10577392578125,0.91015625,0.060272216796875,0.2266845703125,0.322021484375,0.27099609375,0.35888671875,0.1890869140625,0.5830078125,0.239013671875,2011,Volkswagen,Jetta SE Sedan 4D,SE,111000,,Automatic,5,2.5
900,7864472766,3500.0,0.290283203125,0.09661865234375,0.72705078125,0.047119140625,0.5390625,0.25634765625,0.3291015625,0.1790771484375,0.2705078125,0.49658203125,0.249755859375,,,,,,Clean,,,
901,7864392381,75.0,0.95849609375,0.06243896484375,0.80615234375,0.09869384765625,0.8955078125,0.09814453125,0.061126708984375,0.09967041015625,0.4794921875,0.53515625,0.48095703125,,,,,,,,,
902,7864390383,75.0,0.95849609375,0.06243896484375,0.80615234375,0.09869384765625,0.8955078125,0.09814453125,0.061126708984375,0.09967041015625,0.4794921875,0.53515625,0.48095703125,,,,,,,,,
903,7864388253,75.0,0.95849609375,0.06243896484375,0.80615234375,0.09869384765625,0.8955078125,0.09814453125,0.061126708984375,0.09967041015625,0.4794921875,0.53515625,0.48095703125,,,,,,,,,
904,7864387051,75.0,0.95849609375,0.06243896484375,0.80615234375,0.09869384765625,0.8955078125,0.09814453125,0.061126708984375,0.09967041015625,0.4794921875,0.53515625,0.48095703125,,,,,,,,,
905,7864008005,3000.0,0.7685546875,0.1328125,0.89990234375,0.071044921875,0.318359375,0.356689453125,0.1353759765625,0.6572265625,0.283935546875,0.60302734375,0.80126953125,2009,VW,Jetta,,171257,clean,Automatic,,
906,7863883070,3999.0,0.55615234375,0.07037353515625,0.875,0.0173187255859375,0.47314453125,0.15234375,0.2049560546875,0.287841796875,0.1461181640625,0.63330078125,0.29443359375,,,,,0,clean,,,
907,7863656632,6800.0,0.457275390625,0.15283203125,0.85498046875,0.10833740234375,0.83447265625,0.1572265625,0.2474365234375,0.414306640625,0.199951171875,0.59619140625,0.413330078125,not available,not available,not available,not available,0,clean,Automatic,0,0
908,7859912247,3200.0,0.7236328125,0.1485595703125,0.90673828125,0.1424560546875,0.5625,0.098388671875,0.4482421875,0.2222900390625,0.2607421875,0.6923828125,0.85400390625,,VW,GTI,SI,,,Manual,4,
909,7863241962,8500.0,0.501953125,0.1708984375,0.85400390625,0.1580810546875,0.307861328125,0.34765625,0.240478515625,0.58740234375,0.417236328125,0.52490234375,0.7470703125,2013,Volkswagen,Jetta,,,clean,,4,2.0
910,7866072451,6500.0,0.7763671875,0.312255859375,0.55224609375,0.095703125,0.86474609375,0.268310546875,0.167724609375,0.258544921875,0.340576171875,0.67724609375,0.65869140625,2013,Toyota,Corolla,,137000,salvage,automatic,4,
911,7865686684,4800.0,0.28759765625,0.054351806640625,0.93017578125,0.033477783203125,0.411865234375,0.426025390625,0.157958984375,0.075927734375,0.1658935546875,0.62890625,0.1802978515625,not available,not available,not available,,162680,clean,Automatic,,
912,7862008582,3800.0,0.61767578125,0.10894775390625,0.61181640625,0.07550048828125,0.6240234375,0.311279296875,0.18505859375,0.0343017578125,0.1490478515625,0.544921875,0.8173828125,2010,VW,Jetta SE,SE,187000,,Manual,,
913,7861897495,2500.0,0.66845703125,0.6533203125,0.7939453125,0.1456298828125,0.270263671875,0.43115234375,0.2047119140625,0.09942626953125,0.61083984375,0.5263671875,0.28173828125,2007,VW,Jetta,,,clean,Automatic,,
914,7861578657,3200.0,0.7685546875,0.1328125,0.89990234375,0.071044921875,0.318359375,0.356689453125,0.1353759765625,0.6572265625,0.283935546875,0.60302734375,0.80126953125,2009,VW,Jetta,,171257,clean,,,
915,7860585653,3090.0,0.82666015625,0.240966796875,0.71728515625,0.1337890625,0.54736328125,0.35107421875,0.193115234375,0.292724609375,0.317626953125,0.71630859375,0.66552734375,2005,Volkswagen,Jetta GL,GL,127400,Clean,Manual (5 Speed),4,2.0
916,7865357418,3250.0,0.99169921875,0.08123779296875,0.363525390625,0.0236053466796875,0.268310546875,0.34423828125,0.21044921875,0.2088623046875,0.28955078125,0.76025390625,0.56298828125,2002,Ford,Explorer,Limited,155000,Clean,Automatic,8,
917,7865002874,3750.0,0.46826171875,0.2294921875,0.95263671875,0.04962158203125,0.32421875,0.2442626953125,0.1751708984375,0.2476806640625,0.3681640625,0.7109375,0.552734375,2006,Toyota,Camry Le,Le,225000,Clean,Automatic,4,2.4
918,7864906902,4500.0,0.98291015625,0.1114501953125,0.322021484375,0.06390380859375,0.61181640625,0.410400390625,0.3544921875,0.1427001953125,0.41943359375,0.6494140625,0.4921875,2007,Chevy,Tahoe LS SUV,,149k,Clean,Automatic,8,5.3L
919,7864905195,3950.0,0.52783203125,0.365234375,0.724609375,0.0718994140625,0.413330078125,0.3193359375,0.1683349609375,0.0987548828125,0.697265625,0.630859375,0.5654296875,2007,Toyota,Scion Tc Coupe,,130000,Clean,Automatic,,
920,7864904980,4750.0,0.671875,0.2646484375,0.94873046875,0.1123046875,0.1075439453125,0.1854248046875,0.22021484375,0.0254058837890625,0.0723876953125,0.7734375,0.261474609375,2007,Ford,Crown Victoria,LX,115000,clean,Automatic,,4.6
921,7864874967,4750.0,0.47314453125,0.0531005859375,0.43310546875,0.035003662109375,0.86083984375,0.2288818359375,0.330810546875,0.1458740234375,0.48583984375,0.67529296875,0.420654296875,2006,Toyota,Corolla Matrix Hatchback,,175000,Clean,Automatic,4,
922,7864873277,2750.0,0.50146484375,0.157958984375,0.7822265625,0.025604248046875,0.646484375,0.474853515625,0.29248046875,0.055206298828125,0.5361328125,0.67626953125,0.4013671875,2007,Ford,Focus ZX4 SE,ZX4 SE,155000,Clean,Automatic,2,
923,7864871186,9995.0,0.72900390625,0.489990234375,0.9326171875,0.39892578125,0.267333984375,0.5390625,0.285888671875,0.2388916015625,0.3623046875,0.59765625,0.63623046875,2016,Jaguar,XF 35T Supercharged,,114000,Clean,Automatic,6,3.0
924,7864869317,8950.0,0.36767578125,0.84228515625,0.52587890625,0.76904296875,0.367431640625,0.270263671875,0.4970703125,0.11767578125,0.7998046875,0.78125,0.32421875,2005,Lexus,Sc430 Convertible,,170000,Clean,Automatic,8,4.3
925,7864868994,4750.0,0.9560546875,0.51904296875,0.054046630859375,0.055938720703125,0.055389404296875,0.09796142578125,0.07867431640625,0.0784912109375,0.7109375,0.5791015625,0.328125,2000,Toyota,Tundra SR5,,212000,Clean,Automatic,8,4.7
926,7864867698,1495.0,0.073974609375,0.031463623046875,0.38330078125,0.02691650390625,0.8388671875,0.2265625,0.294921875,0.045318603515625,0.324462890625,0.365234375,0.359619140625,2008,Kia,Rio,,144000,Clean,Manual,,
927,7864867540,2950.0,0.65380859375,0.3203125,0.87451171875,0.07861328125,0.37451171875,0.548828125,0.37158203125,0.0239105224609375,0.206787109375,0.66064453125,0.32177734375,2012,Nissan,Altima,,200000,clean,Automatic,6,3.5
928,7864866767,2450.0,0.9921875,0.330078125,0.36474609375,0.03411865234375,0.385986328125,0.303466796875,0.262939453125,0.10321044921875,0.3134765625,0.65966796875,0.403076171875,2002,Ford,Explorer,XLT,225000,Clean California title,Automatic,6,4
929,7864866240,4950.0,0.97900390625,0.366943359375,0.335205078125,0.038665771484375,0.2144775390625,0.21728515625,0.174560546875,0.0347900390625,0.0916748046875,0.71435546875,0.366455078125,2004,Ford,F-150,,240000,Branded/Salvage,Automatic,8,
930,7864865493,2450.0,0.5009765625,0.424072265625,0.90478515625,0.4326171875,0.199951171875,0.56640625,0.391357421875,0.02752685546875,0.465576171875,0.681640625,0.395263671875,1994,Infiniti,Q45,,175000,clean,Automatic,6,
931,7861582121,2950.0,0.7080078125,0.890625,0.32275390625,0.0496826171875,0.276123046875,0.1949462890625,0.1939697265625,0.1781005859375,0.292724609375,0.79931640625,0.470703125,1999,DODGE,RAM 1500 Truck,Laramie Edition,440000,Clean,Automatic,,
932,7866303845,12800.0,0.8154296875,0.476806640625,0.7626953125,0.277099609375,0.6982421875,0.284423828125,0.44287109375,0.1873779296875,0.305419921875,0.5947265625,0.56640625,2014,MAZDA3,Mazda3 Grand Touring Sedan,Grand touring,92450,clean,Automatic,,
933,7865902866,20000.0,0.63134765625,0.33984375,0.435546875,0.11322021484375,0.8046875,0.625,0.235595703125,0.08221435546875,0.19970703125,0.8125,0.51953125,2021,Mazda,3,Select Hatchback AWD,8000,clean,,,
934,7865530405,3900.0,0.3779296875,0.42333984375,0.443359375,0.10211181640625,0.912109375,0.362060546875,0.27197265625,0.0994873046875,0.45751953125,0.56396484375,0.387451171875,2008,Mazda,3,,168000,clean,Automatic or Manual (not specified),,
935,7865515169,3600.0,0.5703125,0.1280517578125,0.41748046875,0.08062744140625,0.7255859375,0.162353515625,0.1304931640625,0.377685546875,0.53076171875,0.80517578125,0.701171875,,,,,135556,branded/salvage,automatic,,
936,7865468795,8999.0,0.1636962890625,0.061187744140625,0.448974609375,0.03594970703125,0.8720703125,0.2802734375,0.12841796875,0.1572265625,0.595703125,0.436279296875,0.2083740234375,not available,,,,,clean,,,
937,7865287517,2650.0,0.443603515625,0.23291015625,0.68359375,0.041961669921875,0.477783203125,0.309814453125,0.3857421875,0.040771484375,0.468505859375,0.62158203125,0.2509765625,Not available,Mazda,3 s,s,Not available,Not available,Manual,Not available,Not available
938,7865255648,4700.0,0.347412109375,0.415283203125,0.62890625,0.1195068359375,0.91796875,0.29443359375,0.20556640625,0.0361328125,0.27294921875,0.6435546875,0.46435546875,2006,Mazda,3,Sport,110000,Clean,Manual,4,
939,7864818972,5500.0,0.475341796875,0.3720703125,0.5673828125,0.0902099609375,0.69921875,0.4765625,0.498779296875,0.486083984375,0.779296875,0.69873046875,0.78271484375,2012,Mazda,3,,73800,clean,,,
940,7864543104,2500.0,0.4580078125,0.22314453125,0.892578125,0.163330078125,0.258544921875,0.174560546875,0.146240234375,0.57421875,0.71533203125,0.73876953125,0.2083740234375,2007,Mazda,3,,218000,,,,
941,7864489928,3950.0,0.01459503173828125,0.0193328857421875,0.71435546875,0.0037479400634765625,0.246826171875,0.05157470703125,0.097900390625,0.0540771484375,0.33642578125,0.2578125,0.200927734375,2008,Mazda,3,,136982,Branded/ Salvage,Automatic,4,2.3
942,7863556566,12000.0,0.578125,0.32373046875,0.6806640625,0.10614013671875,0.6240234375,0.57666015625,0.292236328125,0.03741455078125,0.21533203125,0.640625,0.8271484375,2016,Mazda,3,,61000,Clean Title - no accidents,Automatic,4,2.0
943,7863483686,7400.0,0.24609375,0.1480712890625,0.56591796875,0.04815673828125,0.8017578125,0.379638671875,0.2489013671875,0.113037109375,0.300048828125,0.69580078125,0.23974609375,2012,Mazda,3,"4Dr, i Touring Sedan",139000,clean,,,
944,7863456592,4500.0,0.51904296875,0.445556640625,0.4638671875,0.08062744140625,0.87646484375,0.2308349609375,0.546875,0.223388671875,0.837890625,0.625,0.728515625,not available,Mazda,3 pass,not available,155000,clean,Manual,6,2.4
945,7862574662,16500.0,0.276611328125,0.1651611328125,0.7373046875,0.1112060546875,0.53759765625,0.505859375,0.164306640625,0.2080078125,0.390869140625,0.5400390625,0.164794921875,,Mazda,,,,,,,
946,7862501698,3700.0,0.0085601806640625,0.0557861328125,0.62841796875,0.046234130859375,0.489501953125,0.0697021484375,0.038482666015625,0.132080078125,0.207763671875,0.451416015625,0.26953125,2005,Mazda,3,,174720,Clean Title,Automatic,,
947,7862304954,6200.0,0.25927734375,0.160888671875,0.63671875,0.1856689453125,0.75439453125,0.27880859375,0.1541748046875,0.09552001953125,0.2022705078125,0.72900390625,0.370849609375,2013,Mazda,SKYACTIV-G,,85000,Clean,Automatic,4,2.0
948,7862215189,14500.0,0.66259765625,0.36962890625,0.387451171875,0.1978759765625,0.9501953125,0.40869140625,0.289794921875,0.49755859375,0.28369140625,0.60986328125,0.38427734375,,not available,not available,not available,,clean,Manual,,
949,7861786748,3800.0,0.5625,0.370361328125,0.87939453125,0.0960693359375,0.5859375,0.56884765625,0.293701171875,0.031097412109375,0.2056884765625,0.54296875,0.33642578125,2006,Mazda,3,,,clean,automatic,4,
950,7861025906,11000.0,0.30810546875,0.292236328125,0.6328125,0.30908203125,0.7119140625,0.6953125,0.337646484375,0.05657958984375,0.379638671875,0.71044921875,0.80224609375,2024,Mazda,3,,11000,clean,Manual,,
951,7860839062,13000.0,0.85888671875,0.4013671875,0.470947265625,0.10479736328125,0.7890625,0.151611328125,0.389404296875,0.5458984375,0.2100830078125,0.49169921875,0.78173828125,2019,,,,13000,,Manual,,
952,7866308640,3500.0,0.73779296875,0.417236328125,0.52490234375,0.0780029296875,0.402099609375,0.250732421875,0.057708740234375,0.0226593017578125,0.1473388671875,0.7763671875,0.564453125,,,,,107000,branded/ salvage,Automatic,6,3.0
953,7865728112,2999.0,0.728515625,0.261474609375,0.76318359375,0.267578125,0.8916015625,0.5654296875,0.16845703125,0.11346435546875,0.40087890625,0.60986328125,0.80078125,2008,MAZDA,MAZDA3,s Sport Hatchback 4D,143542,Clean,"Automatic, 5-Spd w/Overdrive",4,2.3
954,7865362322,17000.0,0.9716796875,0.1727294921875,0.607421875,0.08551025390625,0.267822265625,0.33349609375,0.2110595703125,0.33447265625,0.42822265625,0.54150390625,0.365478515625,2018,Mazda,CX-9 Grand Touring,Grand Touring,10+K miles,clean,6-Speed Auto.,4,2.5
955,7865054420,5295.0,0.76904296875,0.99169921875,0.277099609375,0.31298828125,0.6181640625,0.2880859375,0.4072265625,0.75341796875,0.5986328125,0.51220703125,0.6796875,2008,Mazda,Miata MX-5,Grand Touring,"158HP (implied, not actual mileage)",clean,6-speed automatic with manual mode,Inline 4,2.0
956,7859688497,5250.0,0.2105712890625,0.283447265625,0.50390625,0.114501953125,0.6630859375,0.220458984375,0.1256103515625,0.1536865234375,0.353271484375,0.5048828125,0.315185546875,2014,Mazda3-S Grand Touring (5-Door Hatchback),Mazda3-S Grand Touring,Grand Touring,168850,Clean Title,Automatic,4,2.5
957,7859489041,6000.0,0.49658203125,0.56591796875,0.64208984375,0.1080322265625,0.82275390625,0.5498046875,0.251708984375,0.054412841796875,0.4677734375,0.70751953125,0.5205078125,2014,Mazda,3 GT hatchback,GT,208000,clean,Automatic or Manual (if available): Automatic with manual override,,
958,7863453379,2300.0,0.37158203125,0.2269287109375,0.362060546875,0.07379150390625,0.39208984375,0.5234375,0.2406005859375,0.59326171875,0.162109375,0.544921875,0.257568359375,,,,,,,,,
959,7859215082,5000.0,0.560546875,0.43603515625,0.81591796875,0.06195068359375,0.401611328125,0.59033203125,0.1556396484375,0.0897216796875,0.4580078125,0.6748046875,0.44384765625,2009,Mazda,3,,100000,clean,,,
960,7859202474,5400.0,0.93994140625,0.34326171875,0.68359375,0.127685546875,0.365966796875,0.650390625,0.322265625,0.362060546875,0.59375,0.427978515625,0.81787109375,2005,Mazda,6 Grand Touring Sport Wagon 4D,Grand Touring Sport,128168,CLEAN,,6,3.0
961,7863056317,19598.0,0.8671875,0.3466796875,0.87939453125,0.241943359375,0.669921875,0.4072265625,0.1988525390625,0.246337890625,0.5703125,0.76318359375,0.5302734375,2000,Mazda,3,i SV / Sport / Touring / Grand Touring (value/sport),31823,,6-Speed Automatic w/OD,4,2.5
962,7862744117,3350.0,0.89501953125,0.2271728515625,0.477783203125,0.02508544921875,0.34814453125,0.2286376953125,0.14697265625,0.066162109375,0.51025390625,0.486083984375,0.428955078125,2007,Mazda,CX7,,156,clean,,,
963,7862592971,3500.0,0.80908203125,0.158203125,0.4580078125,0.1053466796875,0.4833984375,0.175537109375,0.1790771484375,0.1549072265625,0.14794921875,0.5693359375,0.685546875,,,,,,clean,,6,
964,7858704038,2000.0,0.045166015625,0.03863525390625,0.5615234375,0.02069091796875,0.7177734375,0.1729736328125,0.10595703125,0.1917724609375,0.33154296875,0.455810546875,0.18701171875,2008,Mazda,3,,Low Miles,,Manual,,
965,7862022251,8000.0,0.4140625,0.8115234375,0.41455078125,0.474365234375,0.372314453125,0.6396484375,0.51806640625,0.292236328125,0.43115234375,0.75048828125,0.61962890625,2016,Mazda,Miata,,,clean,Automatic,,
966,7864851188,13850.0,0.849609375,0.60009765625,0.4482421875,0.287109375,0.728515625,0.66845703125,0.146728515625,0.1683349609375,0.2607421875,0.7724609375,0.73291015625,2017,BMW,X3 xDrive35i,xDrive35i,,,,6,
967,7859951342,7500.0,0.58740234375,0.370849609375,0.2978515625,0.042266845703125,0.82373046875,0.24365234375,0.1409912109375,0.280517578125,0.1409912109375,0.61767578125,0.3115234375,2021,,,,,clean,,,
968,7858505691,8999.0,0.94091796875,0.61962890625,0.7626953125,0.32275390625,0.7685546875,0.1318359375,0.34326171875,0.1370849609375,0.471923828125,0.68505859375,0.67529296875,2009,Subaru,Outback,SPORT edition,,,,,
969,7859654962,13.0,0.6142578125,0.053192138671875,0.5576171875,0.06353759765625,0.6220703125,0.252197265625,0.2041015625,0.062347412109375,0.2467041015625,0.67578125,0.280029296875,2016,Honda,civic EX,,44000,clean,Automatic,,
970,7866301188,14900.0,0.56494140625,0.1640625,0.2548828125,0.043426513671875,0.75,0.13671875,0.334716796875,0.2032470703125,0.53857421875,0.765625,0.81494140625,2018,Toyota,RAV4 Hybrid,,217422,,,,
971,7866158848,23000.0,0.97802734375,0.359619140625,0.44921875,0.08380126953125,0.5244140625,0.54638671875,0.5498046875,0.34912109375,0.52197265625,0.43017578125,0.78515625,2022,Toyota,RAV4 Hybrid,XLE,130000,Clean,,,
972,7866099460,25900.0,0.9892578125,0.634765625,0.298583984375,0.072021484375,0.33837890625,0.19677734375,0.2125244140625,0.1708984375,0.333251953125,0.62255859375,0.68359375,2023,Toyota,Rav4,XLE,39000,clean,,4,
973,7866042370,13995.0,0.79248046875,0.306884765625,0.40087890625,0.431640625,0.552734375,0.77001953125,0.56982421875,0.37451171875,0.3232421875,0.76416015625,0.74072265625,2015,Toyota,RAV4 Limited AWD,Limited,122000,Clean,,,
974,7865970305,12000.0,0.98681640625,0.4521484375,0.29833984375,0.1884765625,0.740234375,0.430908203125,0.1785888671875,0.125732421875,0.286865234375,0.708984375,0.63623046875,2013,Toyota,RAV4 Limited,Limited,0,Clean Title,,0,
975,7865637184,3499.0,0.97998046875,0.1488037109375,0.325927734375,0.1849365234375,0.54345703125,0.66845703125,0.326171875,0.412841796875,0.289794921875,0.69580078125,0.80126953125,2007,Toyota,RAV4,,257245,clean,Automatic,6,3.5
976,7865489983,5995.0,0.962890625,0.2093505859375,0.461181640625,0.07891845703125,0.69873046875,0.318359375,0.5166015625,0.16455078125,0.08441162109375,0.79541015625,0.70849609375,2006,Toyota,RAV4,,148369,Clean title in hand,Automatic,4,2.4
977,7865305386,25750.0,0.85205078125,0.218994140625,0.399169921875,0.2149658203125,0.83447265625,0.560546875,0.35302734375,0.09771728515625,0.72216796875,0.432373046875,0.15185546875,2022,Lexus,UX200 SUV,,53112,Clean Title,Automatic,4,2.0
978,7865270294,6600.0,0.97412109375,0.28271484375,0.304931640625,0.059783935546875,0.5234375,0.53515625,0.418212890625,0.0687255859375,0.1092529296875,0.62353515625,0.39501953125,2006,Toyota,Rav4,,,clean,,,
979,7865261518,13900.0,0.9697265625,0.84130859375,0.055145263671875,0.034515380859375,0.08026123046875,0.40625,0.208984375,0.5556640625,0.3798828125,0.48583984375,0.329833984375,2008,Toyota,FJ Cruiser Special Edition,,230000,clean,,6,4.0
980,7865129369,23599.0,0.99560546875,0.36083984375,0.348876953125,0.10845947265625,0.498046875,0.73828125,0.376708984375,0.1826171875,0.447021484375,0.53076171875,0.71044921875,2019,TOYOTA,RAV4 XLE Premium SPORT Utility,XLE Premium,72000,Clean,Automatic,4,2.5
981,7865090930,38950.0,0.982421875,0.197021484375,0.447998046875,0.10791015625,0.36572265625,0.1900634765625,0.2459716796875,0.6201171875,0.2374267578125,0.62158203125,0.7919921875,2024,Toyota,RAV4 Hybrid XLE Premium Sport Utility 4D,XLE Premium,10700,clean,"Automatic, ECVT",4,2.5
982,7864437937,4950.0,0.9423828125,0.5947265625,0.46826171875,0.0955810546875,0.39404296875,0.34033203125,0.2000732421875,0.2210693359375,0.439697265625,0.60302734375,0.5185546875,2004,Toyota,RAV4 Sport Edition,Sport Edition,167112,clean,Automatic,4,2.4
983,7864417669,7900.0,0.90283203125,0.167724609375,0.47021484375,0.08306884765625,0.50341796875,0.1650390625,0.40771484375,0.134521484375,0.1646728515625,0.71728515625,0.404296875,,Toyota,Rav4,,7000,clean,,6,
984,7863994549,36000.0,0.95361328125,0.0274810791015625,0.1556396484375,0.003131866455078125,0.36767578125,0.0341796875,0.03753662109375,0.1790771484375,0.5693359375,0.58056640625,0.41162109375,2025,Toyota,RAV4 Hybrid XLE AWD,XLE,3507,Lien,Automatic,,
985,7863253013,6700.0,0.828125,0.2073974609375,0.497314453125,0.0714111328125,0.59130859375,0.4169921875,0.4765625,0.81884765625,0.2626953125,0.69775390625,0.62255859375,not available,Toyota,not available,,154000,clean,not available,,
986,7863145319,14900.0,0.94775390625,0.37158203125,0.380126953125,0.11639404296875,0.3984375,0.293701171875,0.3427734375,0.21826171875,0.2841796875,0.6357421875,0.6640625,2010,RAV4 Limited,RAV4,Limited,112500,Clean,Automatic,6,3.5
987,7863103472,1.0,0.279296875,0.1949462890625,0.2427978515625,0.375732421875,0.1373291015625,0.0035877227783203125,0.018798828125,0.0469970703125,0.1402587890625,0.491455078125,0.5927734375,99-02,Accord,,,,,4spd,6,
988,7863045749,5200.0,0.71728515625,0.14111328125,0.1871337890625,0.0158233642578125,0.462646484375,0.12103271484375,0.076904296875,0.022735595703125,0.37646484375,0.2578125,0.5205078125,2008,Toyota,RAV4,Limited,202000,,,,
989,7862899320,26250.0,0.9921875,0.366943359375,0.430419921875,0.11016845703125,0.60595703125,0.395751953125,0.30859375,0.2607421875,0.51806640625,0.61669921875,0.32861328125,2018,Toyota,RAV4 Hybrid XLE AWD,XLE,51112,Clean Title,Automatic,4,2.5
990,7862344170,9500.0,0.72802734375,0.08135986328125,0.5458984375,0.0509033203125,0.391357421875,0.2449951171875,0.25244140625,0.3095703125,0.1763916015625,0.73681640625,0.61669921875,,,,,0,clean,,,
991,7862298682,11800.0,0.8955078125,0.38720703125,0.5087890625,0.14794921875,0.61181640625,0.283203125,0.52197265625,0.376953125,0.51416015625,0.591796875,0.63037109375,2011,Toyota,RAV4,,128977,clean,,,
992,7862140310,5000.0,0.78857421875,0.25341796875,0.37158203125,0.04376220703125,0.76318359375,0.2939453125,0.35546875,0.359375,0.302734375,0.697265625,0.56689453125,2007,Toyota,RAV4,standard,171103,clean,,4,2.4
993,7862023215,10000.0,0.78369140625,0.1419677734375,0.373291015625,0.08734130859375,0.355712890625,0.135009765625,0.146484375,0.65869140625,0.218994140625,0.64404296875,0.84765625,2013,Toyota,RAV4 EV,,108000,clean,automatic,,
994,7861639331,7550.0,0.91748046875,0.392822265625,0.5693359375,0.217041015625,0.63232421875,0.2454833984375,0.261962890625,0.129638671875,0.197021484375,0.74462890625,0.5400390625,2008,Toyota,RAV4 Base,Base,,clean,Automatic 4-Speed,4,2.4
995,7861333510,6950.0,0.9755859375,0.1455078125,0.310546875,0.0594482421875,0.8095703125,0.50439453125,0.34423828125,0.09625244140625,0.374755859375,0.455322265625,0.72509765625,2007,Toyota,Rav4 Sport,,,Clean Title,,,
996,7860735555,5700.0,0.73486328125,0.326904296875,0.5751953125,0.28466796875,0.77685546875,0.2783203125,0.6884765625,0.244140625,0.14453125,0.765625,0.71826171875,2007,Toyota,RAV4,Sport,,Clean,Front wheel drive,6,
997,7865398684,27500.0,0.9853515625,0.294189453125,0.1456298828125,0.0721435546875,0.349609375,0.2666015625,0.25439453125,0.423583984375,0.440673828125,0.517578125,0.22607421875,2021,Toyota,RAV4,,0,,,,
998,7865093392,9900.0,0.93310546875,0.06231689453125,0.26904296875,0.0177459716796875,0.316650390625,0.259521484375,0.29541015625,0.1126708984375,0.142333984375,0.55712890625,0.3564453125,2012,Toyota,Rav4,,,,,,
999,7859847212,8900.0,0.923828125,0.43359375,0.3544921875,0.09674072265625,0.583984375,0.615234375,0.4892578125,0.049285888671875,0.12066650390625,0.6650390625,0.611328125,2007,TOYOTA,RAV4,,25000,clean,,,
1000,7864481973,6800.0,0.7822265625,0.2978515625,0.51318359375,0.10955810546875,0.6513671875,0.263916015625,0.2578125,0.08892822265625,0.254638671875,0.6513671875,0.65625,2009,Toyota,RV4,,161221,clean,smg,,
1001,7859700158,3500.0,0.74072265625,0.0816650390625,0.23046875,0.0279541015625,0.4345703125,0.285400390625,0.0986328125,0.081787109375,0.11175537109375,0.5947265625,0.292236328125,2011,Toyota,Rav4,,211000,branded/salvage,Manual,,
1002,7864218875,9000.0,0.66259765625,0.2415771484375,0.169921875,0.030242919921875,0.59716796875,0.3203125,0.09991455078125,0.1966552734375,0.273193359375,0.4736328125,0.265625,,Toyota,Rav 4,,,,,,
1003,7864150241,4500.0,0.8935546875,0.1951904296875,0.453857421875,0.10174560546875,0.42822265625,0.27099609375,0.478271484375,0.346923828125,0.256591796875,0.69091796875,0.54345703125,2007,Toyota,REV4,,171100,clean,Manual,,
1004,7859306291,20500.0,0.51513671875,0.0804443359375,0.441650390625,0.038604736328125,0.517578125,0.23095703125,0.202392578125,0.406005859375,0.47119140625,0.62890625,0.70947265625,2015,Toyota,RAV 4,XLE,33000,,Auto,,
1005,7863550914,5000.0,0.833984375,0.09576416015625,0.41259765625,0.01419830322265625,0.7236328125,0.31884765625,0.328857421875,0.07574462890625,0.1673583984375,0.494140625,0.26806640625,unknown,,,,65000,clean,unknown,unknown,unknown
1006,7863434112,5900.0,0.4853515625,0.25390625,0.8818359375,0.0701904296875,0.77734375,0.435302734375,0.29443359375,0.37353515625,0.389892578125,0.63427734375,0.7763671875,2007,Toyota,Camry,,100,clean,,4,2.4
1007,7863185124,9900.0,0.69970703125,0.2196044921875,0.6064453125,0.10150146484375,0.80615234375,0.2384033203125,0.2001953125,0.32568359375,0.26708984375,0.62255859375,0.452392578125,2016,Honda,HR-V Sport Utility SUV,,80000,Salvage,Automatic,4,1.8
1008,7858991428,8700.0,0.90380859375,0.0679931640625,0.471923828125,0.0236358642578125,0.5009765625,0.165771484375,0.406005859375,0.1357421875,0.165771484375,0.716796875,0.385986328125,,Toyota,Rav4,,0,clean,,0,0.0
1009,7863067066,3100.0,0.82666015625,0.0156097412109375,0.187255859375,0.0112457275390625,0.0579833984375,0.63232421875,0.251708984375,0.0830078125,0.0911865234375,0.0552978515625,0.039215087890625,2007,RAV 4,,,,,Manual,,
1010,7862569122,3000.0,0.84130859375,0.01500701904296875,0.10418701171875,0.011688232421875,0.61865234375,0.0357666015625,0.0380859375,0.0194549560546875,0.06634521484375,0.63916015625,0.31884765625,,,,,,,Manual,,
1011,7858580236,4800.0,0.83984375,0.1007080078125,0.438232421875,0.07965087890625,0.369384765625,0.25830078125,0.21484375,0.0643310546875,0.5419921875,0.56689453125,0.30029296875,2008,Toyota,Rav4,,238000,clean,,6,
1012,7865504228,4400.0,0.93994140625,0.399658203125,0.64892578125,0.12396240234375,0.37353515625,0.12274169921875,0.34716796875,0.11956787109375,0.1732177734375,0.7861328125,0.40771484375,2011,BMW,X5,,140000,clean,Automatic,4,
1013,7865395343,13400.0,0.81103515625,0.444091796875,0.544921875,0.2880859375,0.60595703125,0.515625,0.65380859375,0.56396484375,0.51416015625,0.6904296875,0.59228515625,2019,Mercedes,GLA 250 4matic AWD 4x4,,95000,clean,,,
1014,7864851188,13850.0,0.849609375,0.60009765625,0.4482421875,0.287109375,0.728515625,0.66845703125,0.146728515625,0.1683349609375,0.2607421875,0.7724609375,0.73291015625,2017,BMW,X3 xDrive35i,,,,,6,3.0
1015,7860810017,2500.0,0.459716796875,0.484619140625,0.529296875,0.03680419921875,0.438720703125,0.1668701171875,0.2286376953125,0.0170440673828125,0.513671875,0.63818359375,0.509765625,2002,Rav4,,,,clean,Rebuilt transmission - 5 yrs. (Assumed to be automatic),,
1016,7859654962,13.0,0.6142578125,0.053192138671875,0.5576171875,0.06353759765625,0.6220703125,0.252197265625,0.2041015625,0.062347412109375,0.2467041015625,0.67578125,0.280029296875,2016,Honda,Civic EX,EX,44000,clean,Automatic,4,1.5
1017,7867050477,4500.0,0.37109375,0.1409912109375,0.5859375,0.02777099609375,0.67626953125,0.186767578125,0.108642578125,0.2052001953125,0.41650390625,0.74609375,0.3173828125,,,,,,Clean,,,
1018,7867018005,6000.0,0.556640625,0.2222900390625,0.69775390625,0.1005859375,0.828125,0.382568359375,0.275634765625,0.693359375,0.381591796875,0.62841796875,0.65087890625,not available,Nissan,Altima,not available,61150,clean,Automatic,4,1.6
1019,7866432352,1500.0,0.49951171875,0.402099609375,0.6689453125,0.0362548828125,0.92724609375,0.41748046875,0.2159423828125,0.2186279296875,0.50634765625,0.794921875,0.251953125,,,,,,,cvt,,
1020,7866024366,4499.0,0.46875,0.265625,0.405517578125,0.2158203125,0.98583984375,0.293212890625,0.44775390625,0.155029296875,0.4833984375,0.66259765625,0.80615234375,,,,,,clean,,,
1021,7865894001,8300.0,0.250244140625,0.1544189453125,0.60595703125,0.0970458984375,0.87548828125,0.283203125,0.200927734375,0.25390625,0.409423828125,0.79443359375,0.313720703125,2015,Nissan,Versa Note,SV,51000,Clean,,,
1022,7865537706,7700.0,0.41162109375,0.1041259765625,0.3671875,0.1143798828125,0.76953125,0.1624755859375,0.160888671875,0.08880615234375,0.404296875,0.541015625,0.56494140625,2017,Nissan,Versa,,87000,Clean,Automatic,4,1.6
1023,7865409898,4000.0,0.6298828125,0.2076416015625,0.5712890625,0.07275390625,0.7080078125,0.5087890625,0.442138671875,0.55322265625,0.329345703125,0.41845703125,0.55615234375,2007,Nissan,Versa,S,180000,clean,Automatic,,
1024,7864105261,5000.0,0.427978515625,0.282470703125,0.59619140625,0.057220458984375,0.9404296875,0.32470703125,0.253173828125,0.12890625,0.435546875,0.8388671875,0.37255859375,2015,Nissan,SV hatchback,SV,110000,Clean,,,
1025,7864052141,5400.0,0.5341796875,0.1744384765625,0.572265625,0.0330810546875,0.55078125,0.253662109375,0.4814453125,0.0479736328125,0.3505859375,0.4580078125,0.7041015625,2018,Nissan,Versa,Base,73000,clean,Manual,,
1026,7863418547,6795.0,0.6552734375,0.131103515625,0.439453125,0.03594970703125,0.71435546875,0.2783203125,0.1549072265625,0.023895263671875,0.11224365234375,0.67333984375,0.8759765625,,,,,127000,clean,automatic,4,1.6
1027,7863288723,2500.0,0.87841796875,0.1075439453125,0.70458984375,0.026519775390625,0.83203125,0.3203125,0.355712890625,0.12841796875,0.369140625,0.76171875,0.75927734375,2011,Nissan,Versa SL,SL,,Clean,Manual,,
1028,7863232549,3600.0,0.86376953125,0.29345703125,0.468017578125,0.03961181640625,0.576171875,0.2322998046875,0.256103515625,0.30615234375,0.3515625,0.8623046875,0.6904296875,2008,Nissan,Versa Hatchback,,158000,clean,automatic,4,1.8
1029,7862942377,5500.0,0.6455078125,0.048065185546875,0.6240234375,0.0616455078125,0.8154296875,0.2919921875,0.304931640625,0.73291015625,0.385498046875,0.52099609375,0.207275390625,2017,Nissan,Versa SV,SV,,clean,Automatic,,
1030,7860961321,4000.0,0.2353515625,0.316650390625,0.62548828125,0.040618896484375,0.82373046875,0.489013671875,0.305908203125,0.07989501953125,0.53125,0.3310546875,0.2103271484375,,nissan,,,,,,,
1031,7860850006,4600.0,0.62841796875,0.035308837890625,0.70947265625,0.035308837890625,0.85595703125,0.283203125,0.2008056640625,0.181396484375,0.333740234375,0.734375,0.2103271484375,2018,Nissan,Versa Note,,73000,branded/ salvage,Automatic,,
1032,7864971130,1950.0,0.74462890625,0.1259765625,0.54345703125,0.0452880859375,0.91064453125,0.311279296875,0.471923828125,0.1231689453125,0.392333984375,0.5234375,0.35986328125,2011,Nissan,Leaf,,66000,California Clean Title,Automatic FWD,,
1033,7864904785,4250.0,0.51708984375,0.107421875,0.490966796875,0.075927734375,0.6875,0.3115234375,0.39306640625,0.1776123046875,0.6083984375,0.525390625,0.42919921875,2008,Nissan,Altima Coupe S,S,174000,California Clean Title,6 Spd Manual Shifts,4,2.5
1034,7865686684,4800.0,0.28759765625,0.054351806640625,0.93017578125,0.033477783203125,0.411865234375,0.426025390625,0.157958984375,0.075927734375,0.1658935546875,0.62890625,0.1802978515625,old generation model,"not mentioned explicitly, but similar to Honda, Hyundai, VW, Pontiac, Ford, and Nissan models mentioned","similar to Civic, Elantra, Jetta, Vibe, Focus, Versa",,162680,clean,Automatic,,
1035,7864974745,5950.0,0.69873046875,0.270751953125,0.95166015625,0.05023193359375,0.337158203125,0.685546875,0.2044677734375,0.0300750732421875,0.22412109375,0.63671875,0.72900390625,2003,Volvo,V70 Wagon,,73000,California Clean Title,Automatic,5,2.5
1036,7864972219,2950.0,0.92626953125,0.267578125,0.69873046875,0.10693359375,0.65673828125,0.2159423828125,0.2091064453125,0.319580078125,0.43701171875,0.71728515625,0.52880859375,2006,Volvo,XC 90,,180000,Clean,Automatic,5,2.5
1037,7864913401,4250.0,0.4521484375,0.27587890625,0.7333984375,0.0288238525390625,0.56396484375,0.31982421875,0.2303466796875,0.149169921875,0.55419921875,0.71826171875,0.4345703125,2006,Toyota,Corolla LE,LE,201000,California Clean Title,Automatic,4,1.8
1038,7864905870,1995.0,0.9306640625,0.2301025390625,0.78857421875,0.034576416015625,0.472412109375,0.55029296875,0.30712890625,0.0360107421875,0.599609375,0.564453125,0.4794921875,2003,Ford,Windstar Van,,163000,Clean,Automatic,6,
1039,7864876044,4950.0,0.57275390625,0.1624755859375,0.880859375,0.042724609375,0.55615234375,0.2144775390625,0.337158203125,0.12359619140625,0.466796875,0.7490234375,0.3466796875,2010,Volvo,V50 Wagon,,140000,California Clean Title,Automatic,5,2.4
1040,7864874222,3950.0,0.87548828125,0.1585693359375,0.430908203125,0.0292510986328125,0.50927734375,0.33935546875,0.28857421875,0.263916015625,0.32421875,0.56640625,0.40283203125,2001,Subaru,Forester,L,137000,California Clean Title,Automatic,4,2.5
1041,7864873613,4250.0,0.9794921875,0.6005859375,0.6259765625,0.050933837890625,0.406005859375,0.4111328125,0.2342529296875,0.5869140625,0.411376953125,0.6865234375,0.337646484375,2005,Toyota,Tundra SR5 Double Cab,SR5 Double Cab,290000,California Clean Title,Automatic,8,4.7
1042,7864872236,3500.0,0.40087890625,0.88427734375,0.75048828125,0.1170654296875,0.224853515625,0.21044921875,0.1494140625,0.395751953125,0.6279296875,0.73974609375,0.38037109375,2001,Toyota,Camry Solara,,190000,California Clean Title,Automatic,6,3.0
1043,7863467682,3450.0,0.56591796875,0.10797119140625,0.92626953125,0.394775390625,0.387451171875,0.36083984375,0.285400390625,0.022552490234375,0.29736328125,0.7421875,0.1763916015625,2008,Audi,A4,,165000,Clean California title,Automatic,4,2.0
